scenario,method,validity_scope,interval_estimand,truth,native_truth,repetitions,n_labeled,n_unlabeled,audit_units,target_units,audit_labels_used,bias,bias_mcse,rmse,rmse_mcse,mean_width,mean_width_mcse,coverage,coverage_mcse,native_coverage,native_coverage_mcse,mean_standard_error,empirical_standard_deviation,mean_selected_power,mean_estimated_variance_ratio,undefined_variance_ratio_draws,zero_width_draws,profile,scenario_family,interval_family,power_rule,theorem_applicable,native_theorem_applicable,native_estimand,paired_width_reference,width_difference_vs_human_family,width_difference_vs_human_family_mcse,fraction_width_above_one,fraction_full_domain_covered,coverage_mc_low,coverage_mc_high,native_coverage_mc_low,native_coverage_mc_high,native_coverage_repetitions,candidate_count,candidate_powers_json,power_q10,power_q50,power_q90,power_zero_fraction,power_one_fraction
iid_balanced_strong_n0020,human_normal,iid_same_population,audit_human_preference_rate,0.5,0.5,1000,20,200,20,200,20,0.0034500000000000043,0.003631636860464753,0.11483684077855852,0.0024645505545588344,0.43727350673615434,0.0005559944715916403,0.954,0.006624499981130654,0.954,0.006624499981130654,0.11155141374670961,0.11484244113691718,0.0,1.0,0,0,balanced_strong,iid,normal,fixed,False,False,audit_human_preference_rate,human_normal,0.0,0.0,0.0,0.0,0.9391164472862573,0.9661285014523221,0.9391164472862573,0.9661285014523221,1000,0,[],0.0,0.0,0.0,1.0,0.0
iid_balanced_strong_n0020,ppi_normal,iid_same_population,target_human_preference_rate_under_assumptions,0.5,0.5,1000,20,200,20,200,20,0.0013800000000000153,0.0021472205653253595,0.06788114613057149,0.0016863824948522529,0.26420861832137743,0.002649728695109544,0.942,0.007391616873188169,0.942,0.007391616873188169,0.06740139625151821,0.06790107625182502,1.0,0.4030462716555112,0,0,balanced_strong,iid,normal,fixed,False,False,target_human_preference_rate,human_normal,-0.17306488841477694,0.0026923149902463596,0.0,0.0,0.9256635046176483,0.9556671397471793,0.9256635046176483,0.9556671397471793,1000,0,[],1.0,1.0,1.0,0.0,1.0
iid_balanced_strong_n0020,ppi_tuned_normal,iid_same_population,target_human_preference_rate_under_assumptions,0.5,0.5,1000,20,200,20,200,20,0.0021741956653870366,0.0020819934608755,0.06584139428314531,0.001566469458336994,0.24183921688617932,0.0022151398729382,0.93,0.008068457101577721,0.93,0.008068457101577721,0.06169481143372433,0.06583841409943242,0.7723224354708573,0.3318814831992909,0,0,balanced_strong,iid,normal,audit_tuned,False,False,target_human_preference_rate,human_normal,-0.19543428984997505,0.0022454874717899183,0.0,0.0,0.9123837665107154,0.9450284750808301,0.9123837665107154,0.9450284750808301,1000,0,[],0.6272846051648415,0.7960284295867709,0.9120731991866756,0.0,0.0
iid_balanced_strong_n0020,human_hoeffding,iid_same_population,audit_human_preference_rate,0.5,0.5,1000,20,200,20,200,20,0.0034500000000000043,0.003631636860464753,0.11483684077855852,0.0024645505545588344,0.6073614619083053,3.742186403040872e-18,0.996,0.0019959959919799443,0.996,0.0019959959919799443,,0.11484244113691718,0.0,,1000,0,balanced_strong,iid,hoeffding,fixed,True,True,audit_human_preference_rate,human_hoeffding,0.0,0.0,0.0,0.0,0.9897903353160701,0.9989090920122741,0.9897903353160701,0.9989090920122741,1000,1,[0.0],0.0,0.0,0.0,1.0,0.0
iid_balanced_strong_n0020,ppi_hoeffding,iid_same_population,target_human_preference_rate_under_assumptions,0.5,0.5,1000,20,200,20,200,20,0.0013800000000000153,0.0021472205653253595,0.06788114613057149,0.0016863824948522529,1.2298132281719505,4.2674718443830636e-18,1.0,0.0,1.0,0.0,,0.06790107625182502,1.0,,1000,0,balanced_strong,iid,hoeffding,fixed,True,True,target_human_preference_rate,human_hoeffding,0.6224517662636453,4.3320363559915725e-18,1.0,0.915,0.9963179161031344,1.0,0.9963179161031344,1.0,1000,1,[1.0],1.0,1.0,1.0,0.0,1.0
iid_balanced_strong_n0020,human_eb,iid_same_population,audit_human_preference_rate,0.5,0.5,1000,20,200,20,200,20,0.0034500000000000043,0.003631636860464753,0.11483684077855852,0.0024645505545588344,1.7367640611298898,0.0008397980977620728,1.0,0.0,1.0,0.0,,0.11484244113691718,0.0,,1000,0,balanced_strong,iid,empirical_bernstein,fixed,True,True,audit_human_preference_rate,human_eb,0.0,0.0,1.0,0.996,0.9963179161031344,1.0,0.9963179161031344,1.0,1000,1,[0.0],0.0,0.0,0.0,1.0,0.0
iid_balanced_strong_n0020,ppi_eb,iid_same_population,target_human_preference_rate_under_assumptions,0.5,0.5,1000,20,200,20,200,20,0.0013800000000000153,0.0021472205653253595,0.06788114613057149,0.0016863824948522529,3.174028633502289,0.006233123954717425,1.0,0.0,1.0,0.0,,0.06790107625182502,1.0,,1000,0,balanced_strong,iid,empirical_bernstein,fixed,True,True,target_human_preference_rate,human_eb,1.4372645723723996,0.0062753520802825554,1.0,1.0,0.9963179161031344,1.0,0.9963179161031344,1.0,1000,1,[1.0],1.0,1.0,1.0,0.0,1.0
iid_balanced_strong_n0020,ppi_eb_grid,iid_same_population,target_human_preference_rate_under_assumptions,0.5,0.5,1000,20,200,20,200,20,0.0034500000000000043,0.003631636860464753,0.11483684077855852,0.0024645505545588344,2.4575864936609215,0.001037230964686015,1.0,0.0,1.0,0.0,,0.11484244113691718,0.0,,1000,0,balanced_strong,iid,empirical_bernstein,simultaneous_grid,True,True,target_human_preference_rate,human_eb,0.7208224325310316,0.00019743286692394205,1.0,1.0,0.9963179161031344,1.0,0.9963179161031344,1.0,1000,5,"[0.0,0.25,0.5,0.75,1.0]",0.0,0.0,0.0,1.0,0.0
iid_balanced_strong_n0200,human_normal,iid_same_population,audit_human_preference_rate,0.5,0.5,1000,200,2000,200,2000,200,0.0005100000000000055,0.001084881038117483,0.034293585406020184,0.000755140914199224,0.13861022528538786,1.4485426045124494e-05,0.946,0.0071473071852271785,0.946,0.0071473071852271785,0.0353604011039814,0.03430695070779196,0.0,1.0,0,0,balanced_strong,iid,normal,fixed,False,False,audit_human_preference_rate,human_normal,0.0,0.0,0.0,0.0,0.9301259944229326,0.9591766488743693,0.9301259944229326,0.9591766488743693,1000,0,[],0.0,0.0,0.0,1.0,0.0
iid_balanced_strong_n0200,ppi_normal,iid_same_population,target_human_preference_rate_under_assumptions,0.5,0.5,1000,200,2000,200,2000,200,-0.00040150000000001323,0.0007089228585462382,0.02241049419356923,0.0004857922716906937,0.08683434798914379,0.00026179032107084545,0.944,0.007270763371201131,0.944,0.007270763371201131,0.02215202643366971,0.02241810918363477,1.0,0.39602885854857667,0,0,balanced_strong,iid,normal,fixed,False,False,target_human_preference_rate,human_normal,-0.051775877296244076,0.000262062103738886,0.0,0.0,0.9278922537167473,0.9574244503133829,0.9278922537167473,0.9574244503133829,1000,0,[],1.0,1.0,1.0,0.0,1.0
iid_balanced_strong_n0200,ppi_tuned_normal,iid_same_population,target_human_preference_rate_under_assumptions,0.5,0.5,1000,200,2000,200,2000,200,-0.00017904173103635434,0.0006507624626870202,0.020569403175617063,0.000432788597946473,0.08045063440779372,0.00021951105861043094,0.952,0.006759881655768837,0.952,0.006759881655768837,0.02052349814649097,0.020578915978313222,0.7753210522551077,0.33938352249844334,0,0,balanced_strong,iid,normal,audit_tuned,False,False,target_human_preference_rate,human_normal,-0.058159590877594126,0.0002197171089938086,0.0,0.0,0.9368598845984908,0.9643997346571167,0.9368598845984908,0.9643997346571167,1000,0,[],0.7310478677829749,0.7778621882286182,0.8186812537789288,0.0,0.0
iid_balanced_strong_n0200,human_hoeffding,iid_same_population,audit_human_preference_rate,0.5,0.5,1000,200,2000,200,2000,200,0.0005100000000000055,0.001084881038117483,0.034293585406020184,0.000755140914199224,0.19206455826398416,7.283862074219486e-19,0.998,0.0014127986409959495,0.998,0.0014127986409959495,,0.03430695070779196,0.0,,1000,0,balanced_strong,iid,hoeffding,fixed,True,True,audit_human_preference_rate,human_hoeffding,0.0,0.0,0.0,0.0,0.9927941610885425,0.9997576988831227,0.9927941610885425,0.9997576988831227,1000,1,[0.0],0.0,0.0,0.0,1.0,0.0
iid_balanced_strong_n0200,ppi_hoeffding,iid_same_population,target_human_preference_rate_under_assumptions,0.5,0.5,1000,200,2000,200,2000,200,-0.00040150000000001323,0.0007089228585462382,0.02241049419356923,0.0004857922716906937,0.38890108976277166,1.756295101485818e-18,1.0,0.0,1.0,0.0,,0.02241810918363477,1.0,,1000,0,balanced_strong,iid,hoeffding,fixed,True,True,target_human_preference_rate,human_hoeffding,0.19683653149878746,1.6918874858248875e-18,0.0,0.0,0.9963179161031344,1.0,0.9963179161031344,1.0,1000,1,[1.0],1.0,1.0,1.0,0.0,1.0
iid_balanced_strong_n0200,human_eb,iid_same_population,audit_human_preference_rate,0.5,0.5,1000,200,2000,200,2000,200,0.0005100000000000055,0.001084881038117483,0.034293585406020184,0.000755140914199224,0.31212397305025213,2.187941402212988e-05,1.0,0.0,1.0,0.0,,0.03430695070779196,0.0,,1000,0,balanced_strong,iid,empirical_bernstein,fixed,True,True,audit_human_preference_rate,human_eb,0.0,0.0,0.0,0.0,0.9963179161031344,1.0,0.9963179161031344,1.0,1000,1,[0.0],0.0,0.0,0.0,1.0,0.0
iid_balanced_strong_n0200,ppi_eb,iid_same_population,target_human_preference_rate_under_assumptions,0.5,0.5,1000,200,2000,200,2000,200,-0.00040150000000001323,0.0007089228585462382,0.02241049419356923,0.0004857922716906937,0.44266493701306553,0.0004972068986908931,1.0,0.0,1.0,0.0,,0.02241810918363477,1.0,,1000,0,balanced_strong,iid,empirical_bernstein,fixed,True,True,target_human_preference_rate,human_eb,0.13054096396281334,0.0004975027297525295,0.0,0.0,0.9963179161031344,1.0,0.9963179161031344,1.0,1000,1,[1.0],1.0,1.0,1.0,0.0,1.0
iid_balanced_strong_n0200,ppi_eb_grid,iid_same_population,target_human_preference_rate_under_assumptions,0.5,0.5,1000,200,2000,200,2000,200,0.0005171250000000055,0.0010839833334634818,0.034265321618584005,0.0007557028749338439,0.4153370706697764,2.7158048195666062e-05,1.0,0.0,1.0,0.0,,0.034278562794064195,0.001,,1000,0,balanced_strong,iid,empirical_bernstein,simultaneous_grid,True,True,target_human_preference_rate,human_eb,0.10321309761952419,5.725937703171131e-06,0.0,0.0,0.9963179161031344,1.0,0.9963179161031344,1.0,1000,5,"[0.0,0.25,0.5,0.75,1.0]",0.0,0.0,0.0,0.996,0.0
iid_balanced_strong_n1000,human_normal,iid_same_population,audit_human_preference_rate,0.5,0.5,1000,1000,10000,1000,10000,1000,-0.0001789999999999984,0.0004920742790434148,0.015554002700269803,0.000365984555847375,0.06198048882535204,1.4142933084075906e-06,0.94,0.007509993342207438,0.94,0.007509993342207438,0.01581163973273137,0.015560754997624517,0.0,1.0,0,0,balanced_strong,iid,normal,fixed,False,False,audit_human_preference_rate,human_normal,0.0,0.0,0.0,0.0,0.9234395095960652,0.9539049645775157,0.9234395095960652,0.9539049645775157,1000,0,[],0.0,0.0,0.0,1.0,0.0
iid_balanced_strong_n1000,ppi_normal,iid_same_population,target_human_preference_rate_under_assumptions,0.5,0.5,1000,1000,10000,1000,10000,1000,3.599999999998249e-05,0.00031082460638748647,0.00982428725150074,0.00021768210726774787,0.03906154229785267,5.1136183157539584e-05,0.957,0.006414904519944161,0.957,0.006414904519944161,0.009964862264297998,0.009829137090097782,1.0,0.3978604832268961,0,0,balanced_strong,iid,normal,fixed,False,False,target_human_preference_rate,human_normal,-0.02291894652749937,5.111288430749018e-05,0.0,0.0,0.9425137420380276,0.9687088295439074,0.9425137420380276,0.9687088295439074,1000,0,[],1.0,1.0,1.0,0.0,1.0
iid_balanced_strong_n1000,ppi_tuned_normal,iid_same_population,target_human_preference_rate_under_assumptions,0.5,0.5,1000,1000,10000,1000,10000,1000,-9.786825655714704e-06,0.0002872754377843668,0.009079908906977085,0.00021045842281383688,0.036208548358269116,4.2798692343177586e-05,0.941,0.007451107300260817,0.941,0.007451107300260817,0.009237044314047992,0.009084446992205942,0.7743756697543234,0.34175668681861193,0,0,balanced_strong,iid,normal,audit_tuned,False,False,target_human_preference_rate,human_normal,-0.02577194046708292,4.2772566578338285e-05,0.0,0.0,0.9245509269157592,0.9547866455972034,0.9245509269157592,0.9547866455972034,1000,0,[],0.7553901600469393,0.7749879516938813,0.7928386091573466,0.0,0.0
iid_balanced_strong_n1000,human_hoeffding,iid_same_population,audit_human_preference_rate,0.5,0.5,1000,1000,10000,1000,10000,1000,-0.0001789999999999984,0.0004920742790434148,0.015554002700269803,0.000365984555847375,0.08589388166934753,2.990862785578592e-19,0.993,0.002636474919281427,0.993,0.002636474919281427,,0.015560754997624517,0.0,,1000,0,balanced_strong,iid,hoeffding,fixed,True,True,audit_human_preference_rate,human_hoeffding,0.0,0.0,0.0,0.0,0.9856308050210814,0.9971811412403795,0.9856308050210814,0.9971811412403795,1000,1,[0.0],0.0,0.0,0.0,1.0,0.0
iid_balanced_strong_n1000,ppi_hoeffding,iid_same_population,target_human_preference_rate_under_assumptions,0.5,0.5,1000,1000,10000,1000,10000,1000,3.599999999998249e-05,0.00031082460638748647,0.00982428725150074,0.00021768210726774787,0.173921854646661,5.66388151610113e-19,1.0,0.0,1.0,0.0,,0.009829137090097782,1.0,,1000,0,balanced_strong,iid,hoeffding,fixed,True,True,target_human_preference_rate,human_hoeffding,0.08802797297731346,6.779390090870705e-19,0.0,0.0,0.9963179161031344,1.0,0.9963179161031344,1.0,1000,1,[1.0],1.0,1.0,1.0,0.0,1.0
iid_balanced_strong_n1000,human_eb,iid_same_population,audit_human_preference_rate,0.5,0.5,1000,1000,10000,1000,10000,1000,-0.0001789999999999984,0.0004920742790434148,0.015554002700269803,0.000365984555847375,0.11408793865763354,2.136209784025901e-06,0.998,0.0014127986409959495,0.998,0.0014127986409959495,,0.015560754997624517,0.0,,1000,0,balanced_strong,iid,empirical_bernstein,fixed,True,True,audit_human_preference_rate,human_eb,0.0,0.0,0.0,0.0,0.9927941610885425,0.9997576988831227,0.9927941610885425,0.9997576988831227,1000,1,[0.0],0.0,0.0,0.0,1.0,0.0
iid_balanced_strong_n1000,ppi_eb,iid_same_population,target_human_preference_rate_under_assumptions,0.5,0.5,1000,1000,10000,1000,10000,1000,3.599999999998249e-05,0.00031082460638748647,0.00982428725150074,0.00021768210726774787,0.13652965627065958,9.621564458517325e-05,1.0,0.0,1.0,0.0,,0.009829137090097782,1.0,,1000,0,balanced_strong,iid,empirical_bernstein,fixed,True,True,target_human_preference_rate,human_eb,0.02244171761302605,9.617458338710562e-05,0.0,0.0,0.9963179161031344,1.0,0.9963179161031344,1.0,1000,1,[1.0],1.0,1.0,1.0,0.0,1.0
iid_balanced_strong_n1000,ppi_eb_grid,iid_same_population,target_human_preference_rate_under_assumptions,0.5,0.5,1000,1000,10000,1000,10000,1000,-7.177500000001042e-05,0.000319617242426048,0.010102384774151107,0.00023965564034410215,0.1370166265009756,4.7746305373800025e-05,1.0,0.0,1.0,0.0,,0.010107184655285126,0.49975,,1000,0,balanced_strong,iid,empirical_bernstein,simultaneous_grid,True,True,target_human_preference_rate,human_eb,0.02292868784334207,4.7675223104579306e-05,0.0,0.0,0.9963179161031344,1.0,0.9963179161031344,1.0,1000,5,"[0.0,0.25,0.5,0.75,1.0]",0.5,0.5,0.5,0.0,0.0
iid_rare_strong_n0020,human_normal,iid_same_population,audit_human_preference_rate,0.95,0.95,1000,20,200,20,200,20,-0.0006999999999999699,0.0015706613183550987,0.04964876634922563,0.0013409226034331624,0.15116383864703828,0.0037542189674340774,0.645,0.015131919904625453,0.645,0.015131919904625453,0.038562912339053,0.04966867198724943,0.0,1.0,353,353,rare_strong,iid,normal,fixed,False,False,audit_human_preference_rate,human_normal,0.0,0.0,0.0,0.0,0.6144491767642939,0.6746941111019715,0.6144491767642939,0.6746941111019715,1000,0,[],0.0,0.0,0.0,1.0,0.0
iid_rare_strong_n0020,ppi_normal,iid_same_population,target_human_preference_rate_under_assumptions,0.95,0.95,1000,20,200,20,200,20,-0.001194999999999919,0.0017574799318088132,0.05556145246481593,0.0013827075763978584,0.19018875945044061,0.00287181893578164,0.783,0.013034991369387246,0.783,0.013034991369387246,0.048518432213710376,0.05557639526553257,1.0,0.9071169399514005,353,0,rare_strong,iid,normal,fixed,False,False,target_human_preference_rate,human_normal,0.039024920803402356,0.004659928634961071,0.0,0.0,0.7561375247466816,0.8081846551453902,0.7561375247466816,0.8081846551453902,1000,0,[],1.0,1.0,1.0,0.0,1.0
iid_rare_strong_n0020,ppi_tuned_normal,iid_same_population,target_human_preference_rate_under_assumptions,0.95,0.95,1000,20,200,20,200,20,0.006063896039410987,0.0012918323265518014,0.04127872047848746,0.0007062149756086762,0.09309369924957568,0.002610453431742977,0.524,0.01579316307773715,0.524,0.01579316307773715,0.023748829056015025,0.04085132506938105,0.3835333592928057,0.447038388501377,353,353,rare_strong,iid,normal,audit_tuned,False,False,target_human_preference_rate,human_normal,-0.05807013939746261,0.00210885877428192,0.0,0.0,0.4925139676102947,0.5553443590710253,0.4925139676102947,0.5553443590710253,1000,0,[],0.0,0.4119604738393254,0.8849723020496506,0.396,0.0
iid_rare_strong_n0020,human_hoeffding,iid_same_population,audit_human_preference_rate,0.95,0.95,1000,20,200,20,200,20,-0.0006999999999999699,0.0015706613183550987,0.04964876634922563,0.0013409226034331624,0.6073614619083053,4.791821946524822e-18,1.0,0.0,1.0,0.0,,0.04966867198724943,0.0,,1000,0,rare_strong,iid,hoeffding,fixed,True,True,audit_human_preference_rate,human_hoeffding,0.0,0.0,0.0,0.0,0.9963179161031344,1.0,0.9963179161031344,1.0,1000,1,[0.0],0.0,0.0,0.0,1.0,0.0
iid_rare_strong_n0020,ppi_hoeffding,iid_same_population,target_human_preference_rate_under_assumptions,0.95,0.95,1000,20,200,20,200,20,-0.001194999999999919,0.0017574799318088132,0.05556145246481593,0.0013827075763978584,1.2298132281719505,5.468822066957917e-18,1.0,0.0,1.0,0.0,,0.05557639526553257,1.0,,1000,0,rare_strong,iid,hoeffding,fixed,True,True,target_human_preference_rate,human_hoeffding,0.6224517662636454,6.833771096564227e-18,1.0,0.0,0.9963179161031344,1.0,0.9963179161031344,1.0,1000,1,[1.0],1.0,1.0,1.0,0.0,1.0
iid_rare_strong_n0020,human_eb,iid_same_population,audit_human_preference_rate,0.95,0.95,1000,20,200,20,200,20,-0.0006999999999999699,0.0015706613183550987,0.04964876634922563,0.0013409226034331624,1.3046116436341786,0.005670534705872133,1.0,0.0,1.0,0.0,,0.04966867198724943,0.0,,1000,0,rare_strong,iid,empirical_bernstein,fixed,True,True,audit_human_preference_rate,human_eb,0.0,0.0,1.0,0.018,0.9963179161031344,1.0,0.9963179161031344,1.0,1000,1,[0.0],0.0,0.0,0.0,1.0,0.0
iid_rare_strong_n0020,ppi_eb,iid_same_population,target_human_preference_rate_under_assumptions,0.95,0.95,1000,20,200,20,200,20,-0.001194999999999919,0.0017574799318088132,0.05556145246481593,0.0013827075763978584,2.990509546334239,0.006201356755562003,1.0,0.0,1.0,0.0,,0.05557639526553257,1.0,,1000,0,rare_strong,iid,empirical_bernstein,fixed,True,True,target_human_preference_rate,human_eb,1.6858979027000605,0.00828483295710829,1.0,1.0,0.9963179161031344,1.0,0.9963179161031344,1.0,1000,1,[1.0],1.0,1.0,1.0,0.0,1.0
iid_rare_strong_n0020,ppi_eb_grid,iid_same_population,target_human_preference_rate_under_assumptions,0.95,0.95,1000,20,200,20,200,20,-0.0006999999999999699,0.0015706613183550987,0.04964876634922563,0.0013409226034331624,1.9238369292299433,0.0070036526623850895,1.0,0.0,1.0,0.0,,0.04966867198724943,0.0,,1000,0,rare_strong,iid,empirical_bernstein,simultaneous_grid,True,True,target_human_preference_rate,human_eb,0.6192252855957652,0.001333117956512958,1.0,0.647,0.9963179161031344,1.0,0.9963179161031344,1.0,1000,5,"[0.0,0.25,0.5,0.75,1.0]",0.0,0.0,0.0,1.0,0.0
iid_rare_strong_n0200,human_normal,iid_same_population,audit_human_preference_rate,0.95,0.95,1000,200,2000,200,2000,200,-0.0008899999999999783,0.00047263228971503913,0.014964959071110064,0.00037267859218167,0.06030702259534243,0.0002746270369464183,0.939,0.007568289106528638,0.939,0.007568289106528638,0.01538472723760144,0.014945945312400977,0.0,1.0,0,0,rare_strong,iid,normal,fixed,False,False,audit_human_preference_rate,human_normal,0.0,0.0,0.0,0.0,0.9223292259508765,0.9530221244589198,0.9223292259508765,0.9530221244589198,1000,0,[],0.0,0.0,0.0,1.0,0.0
iid_rare_strong_n0200,ppi_normal,iid_same_population,target_human_preference_rate_under_assumptions,0.95,0.95,1000,200,2000,200,2000,200,-0.0008804999999999291,0.000560956452758939,0.017751978762943578,0.0003909444913290572,0.06661753687739302,0.0002755758103116698,0.931,0.008014923580421711,0.931,0.008014923580421711,0.016994581891010153,0.017739000588868917,1.0,1.3302773343229122,0,0,rare_strong,iid,normal,fixed,False,False,target_human_preference_rate,human_normal,0.0063105142820505875,0.0003798037775421072,0.0,0.0,0.9134848906542884,0.9459206642067437,0.9134848906542884,0.9459206642067437,1000,0,[],1.0,1.0,1.0,0.0,1.0
iid_rare_strong_n0200,ppi_tuned_normal,iid_same_population,target_human_preference_rate_under_assumptions,0.95,0.95,1000,200,2000,200,2000,200,-0.0008866466106313715,0.00039645894354846904,0.012562191545976072,0.0002862103465774514,0.046952710042985034,0.0001869592270601756,0.921,0.008529888627643386,0.921,0.008529888627643386,0.011977952251506153,0.012537132603572802,0.44337274601081517,0.6205190402031883,0,0,rare_strong,iid,normal,audit_tuned,False,False,target_human_preference_rate,human_normal,-0.013354312552357403,0.00017895927518027022,0.0,0.0,0.9025129050930988,0.9369587971905401,0.9025129050930988,0.9369587971905401,1000,0,[],0.3000957041285921,0.4490402433422188,0.5813994416479348,0.0,0.0
iid_rare_strong_n0200,human_hoeffding,iid_same_population,audit_human_preference_rate,0.95,0.95,1000,200,2000,200,2000,200,-0.0008899999999999783,0.00047263228971503913,0.014964959071110064,0.00037267859218167,0.19206455826398416,2.4157837524885847e-18,1.0,0.0,1.0,0.0,,0.014945945312400977,0.0,,1000,0,rare_strong,iid,hoeffding,fixed,True,True,audit_human_preference_rate,human_hoeffding,0.0,0.0,0.0,0.0,0.9963179161031344,1.0,0.9963179161031344,1.0,1000,1,[0.0],0.0,0.0,0.0,1.0,0.0
iid_rare_strong_n0200,ppi_hoeffding,iid_same_population,target_human_preference_rate_under_assumptions,0.95,0.95,1000,200,2000,200,2000,200,-0.0008804999999999291,0.000560956452758939,0.017751978762943578,0.0003909444913290572,0.38890108976277166,1.756295101485818e-18,1.0,0.0,1.0,0.0,,0.017739000588868917,1.0,,1000,0,rare_strong,iid,hoeffding,fixed,True,True,target_human_preference_rate,human_hoeffding,0.1968365314987875,3.122058463236993e-18,0.0,0.0,0.9963179161031344,1.0,0.9963179161031344,1.0,1000,1,[1.0],1.0,1.0,1.0,0.0,1.0
iid_rare_strong_n0200,human_eb,iid_same_population,audit_human_preference_rate,0.95,0.95,1000,200,2000,200,2000,200,-0.0008899999999999783,0.00047263228971503913,0.014964959071110064,0.00037267859218167,0.1938514289374828,0.00041480855477107556,1.0,0.0,1.0,0.0,,0.014945945312400977,0.0,,1000,0,rare_strong,iid,empirical_bernstein,fixed,True,True,audit_human_preference_rate,human_eb,0.0,0.0,0.0,0.0,0.9963179161031344,1.0,0.9963179161031344,1.0,1000,1,[0.0],0.0,0.0,0.0,1.0,0.0
iid_rare_strong_n0200,ppi_eb,iid_same_population,target_human_preference_rate_under_assumptions,0.95,0.95,1000,200,2000,200,2000,200,-0.0008804999999999291,0.000560956452758939,0.017751978762943578,0.0003909444913290572,0.39104098558330114,0.0004893399265951319,1.0,0.0,1.0,0.0,,0.017739000588868917,1.0,,1000,0,rare_strong,iid,empirical_bernstein,fixed,True,True,target_human_preference_rate,human_eb,0.19718955664581841,0.0006263158940386162,0.0,0.0,0.9963179161031344,1.0,0.9963179161031344,1.0,1000,1,[1.0],1.0,1.0,1.0,0.0,1.0
iid_rare_strong_n0200,ppi_eb_grid,iid_same_population,target_human_preference_rate_under_assumptions,0.95,0.95,1000,200,2000,200,2000,200,-0.0008899999999999783,0.00047263228971503913,0.014964959071110064,0.00037267859218167,0.26926333950320713,0.000512328235288658,1.0,0.0,1.0,0.0,,0.014945945312400977,0.0,,1000,0,rare_strong,iid,empirical_bernstein,simultaneous_grid,True,True,target_human_preference_rate,human_eb,0.07541191056572438,9.751968051758248e-05,0.0,0.0,0.9963179161031344,1.0,0.9963179161031344,1.0,1000,5,"[0.0,0.25,0.5,0.75,1.0]",0.0,0.0,0.0,1.0,0.0
iid_rare_strong_n1000,human_normal,iid_same_population,audit_human_preference_rate,0.95,0.95,1000,1000,10000,1000,10000,1000,6.700000000000395e-05,0.00021345274201347946,0.006746925225612032,0.0001484407753095975,0.02694411274424388,5.4753213095187515e-05,0.953,0.00669260786241059,0.953,0.00669260786241059,0.0068736244535041536,0.006749968375709106,0.0,1.0,0,0,rare_strong,iid,normal,fixed,False,False,audit_human_preference_rate,human_normal,0.0,0.0,0.0,0.0,0.9379873693066948,0.9652649377332041,0.9379873693066948,0.9652649377332041,1000,0,[],0.0,0.0,0.0,1.0,0.0
iid_rare_strong_n1000,ppi_normal,iid_same_population,target_human_preference_rate_under_assumptions,0.95,0.95,1000,1000,10000,1000,10000,1000,0.00012290000000008406,0.00024105333912290524,0.007619954724274946,0.0001769663344419922,0.03007574928198253,5.2780042700068504e-05,0.943,0.007331507348424336,0.943,0.007331507348424336,0.0076725260053797425,0.007622775892173556,1.0,1.2648490614531398,0,0,rare_strong,iid,normal,fixed,False,False,target_human_preference_rate,human_normal,0.003131636537738652,7.420988337184885e-05,0.0,0.0,0.9267772705393378,0.9565464180630414,0.9267772705393378,0.9565464180630414,1000,0,[],1.0,1.0,1.0,0.0,1.0
iid_rare_strong_n1000,ppi_tuned_normal,iid_same_population,target_human_preference_rate_under_assumptions,0.95,0.95,1000,1000,10000,1000,10000,1000,0.00013246211791329655,0.00016875314616158208,0.005335418720941678,0.00012373623367236162,0.021296773764810067,3.5311254137183534e-05,0.947,0.007084560677981384,0.947,0.007084560677981384,0.0054329502819430095,0.005336443041899003,0.43682687865027586,0.627724006933546,0,0,rare_strong,iid,normal,audit_tuned,False,False,target_human_preference_rate,human_normal,-0.005647338979433815,3.5525531119720764e-05,0.0,0.0,0.9312448167100368,0.9600507476399807,0.9312448167100368,0.9600507476399807,1000,0,[],0.3738836600458564,0.4372534547022748,0.49347051001480585,0.0,0.0
iid_rare_strong_n1000,human_hoeffding,iid_same_population,audit_human_preference_rate,0.95,0.95,1000,1000,10000,1000,10000,1000,6.700000000000395e-05,0.00021345274201347946,0.006746925225612032,0.0001484407753095975,0.08589388166934753,9.555278410998351e-19,1.0,0.0,1.0,0.0,,0.006749968375709106,0.0,,1000,0,rare_strong,iid,hoeffding,fixed,True,True,audit_human_preference_rate,human_hoeffding,0.0,0.0,0.0,0.0,0.9963179161031344,1.0,0.9963179161031344,1.0,1000,1,[0.0],0.0,0.0,0.0,1.0,0.0
iid_rare_strong_n1000,ppi_hoeffding,iid_same_population,target_human_preference_rate_under_assumptions,0.95,0.95,1000,1000,10000,1000,10000,1000,0.00012290000000008406,0.00024105333912290524,0.007619954724274946,0.0001769663344419922,0.173921854646661,2.510949254023326e-18,1.0,0.0,1.0,0.0,,0.007622775892173556,1.0,,1000,0,rare_strong,iid,hoeffding,fixed,True,True,target_human_preference_rate,human_hoeffding,0.08802797297731352,2.023934845317924e-18,0.0,0.0,0.9963179161031344,1.0,0.9963179161031344,1.0,1000,1,[1.0],1.0,1.0,1.0,0.0,1.0
iid_rare_strong_n1000,human_eb,iid_same_population,audit_human_preference_rate,0.95,0.95,1000,1000,10000,1000,10000,1000,6.700000000000395e-05,0.00021345274201347946,0.006746925225612032,0.0001484407753095975,0.06116748083156761,8.270162124466648e-05,1.0,0.0,1.0,0.0,,0.006749968375709106,0.0,,1000,0,rare_strong,iid,empirical_bernstein,fixed,True,True,audit_human_preference_rate,human_eb,0.0,0.0,0.0,0.0,0.9963179161031344,1.0,0.9963179161031344,1.0,1000,1,[0.0],0.0,0.0,0.0,1.0,0.0
iid_rare_strong_n1000,ppi_eb,iid_same_population,target_human_preference_rate_under_assumptions,0.95,0.95,1000,1000,10000,1000,10000,1000,0.00012290000000008406,0.00024105333912290524,0.007619954724274946,0.0001769663344419922,0.11349486327214998,9.317561757784958e-05,1.0,0.0,1.0,0.0,,0.007622775892173556,1.0,,1000,0,rare_strong,iid,empirical_bernstein,fixed,True,True,target_human_preference_rate,human_eb,0.05232738244058238,0.00012169687704780413,0.0,0.0,0.9963179161031344,1.0,0.9963179161031344,1.0,1000,1,[1.0],1.0,1.0,1.0,0.0,1.0
iid_rare_strong_n1000,ppi_eb_grid,iid_same_population,target_human_preference_rate_under_assumptions,0.95,0.95,1000,1000,10000,1000,10000,1000,6.700000000000395e-05,0.00021345274201347946,0.006746925225612032,0.0001484407753095975,0.08149145120887434,0.00010214441139280339,1.0,0.0,1.0,0.0,,0.006749968375709106,0.0,,1000,0,rare_strong,iid,empirical_bernstein,simultaneous_grid,True,True,target_human_preference_rate,human_eb,0.02032397037730674,1.944279014813691e-05,0.0,0.0,0.9963179161031344,1.0,0.9963179161031344,1.0,1000,5,"[0.0,0.25,0.5,0.75,1.0]",0.0,0.0,0.0,1.0,0.0
iid_balanced_uninformative_n0020,human_normal,iid_same_population,audit_human_preference_rate,0.5,0.5,1000,20,200,20,200,20,-0.0004999999999999911,0.0034988558118322043,0.11058933040759404,0.002362641816425483,0.4382218746620174,0.0005031295543016694,0.959,0.006270486424512857,0.959,0.006270486424512857,0.11179334878565515,0.11064353569907277,0.0,1.0,0,0,balanced_uninformative,iid,normal,fixed,False,False,audit_human_preference_rate,human_normal,0.0,0.0,0.0,0.0,0.9447875406847007,0.9704198314659639,0.9447875406847007,0.9704198314659639,1000,0,[],0.0,0.0,0.0,1.0,0.0
iid_balanced_uninformative_n0020,ppi_normal,iid_same_population,target_human_preference_rate_under_assumptions,0.5,0.5,1000,20,200,20,200,20,0.0077299999999999895,0.005072487282115868,0.1605121490728973,0.0036171343971485,0.6269405567529478,0.0023829605420827215,0.94,0.007509993342207438,0.94,0.007509993342207438,0.15993675437359434,0.1604061321372323,1.0,2.081198548599826,0,0,balanced_uninformative,iid,normal,fixed,False,False,target_human_preference_rate,human_normal,0.1887186820909304,0.0023850320408397973,0.0,0.0,0.9234395095960652,0.9539049645775157,0.9234395095960652,0.9539049645775157,1000,0,[],1.0,1.0,1.0,0.0,1.0
iid_balanced_uninformative_n0020,ppi_tuned_normal,iid_same_population,target_human_preference_rate_under_assumptions,0.5,0.5,1000,20,200,20,200,20,-0.00045070862641911235,0.0035478401608034942,0.11213735227420649,0.002392530712067647,0.43270771737639957,0.0006225866740476647,0.943,0.007331507348424336,0.943,0.007331507348424336,0.11038665016029446,0.1121925568235708,0.08587172890507645,0.975916580039111,0,0,balanced_uninformative,iid,normal,audit_tuned,False,False,target_human_preference_rate,human_normal,-0.005514157285617889,0.00039862142064850354,0.0,0.0,0.9267772705393378,0.9565464180630414,0.9267772705393378,0.9565464180630414,1000,0,[],0.0,0.0,0.2773950712151533,0.513,0.0
iid_balanced_uninformative_n0020,human_hoeffding,iid_same_population,audit_human_preference_rate,0.5,0.5,1000,20,200,20,200,20,-0.0004999999999999911,0.0034988558118322043,0.11058933040759404,0.002362641816425483,0.6073614619083053,3.717376053897938e-18,1.0,0.0,1.0,0.0,,0.11064353569907277,0.0,,1000,0,balanced_uninformative,iid,hoeffding,fixed,True,True,audit_human_preference_rate,human_hoeffding,0.0,0.0,0.0,0.0,0.9963179161031344,1.0,0.9963179161031344,1.0,1000,1,[0.0],0.0,0.0,0.0,1.0,0.0
iid_balanced_uninformative_n0020,ppi_hoeffding,iid_same_population,target_human_preference_rate_under_assumptions,0.5,0.5,1000,20,200,20,200,20,0.0077299999999999895,0.005072487282115868,0.1605121490728973,0.0036171343971485,1.2298132281719505,4.296286971476932e-18,1.0,0.0,1.0,0.0,,0.1604061321372323,1.0,,1000,0,balanced_uninformative,iid,hoeffding,fixed,True,True,target_human_preference_rate,human_hoeffding,0.6224517662636454,5.509282461234885e-18,1.0,0.511,0.9963179161031344,1.0,0.9963179161031344,1.0,1000,1,[1.0],1.0,1.0,1.0,0.0,1.0
iid_balanced_uninformative_n0020,human_eb,iid_same_population,audit_human_preference_rate,0.5,0.5,1000,20,200,20,200,20,-0.0004999999999999911,0.0034988558118322043,0.11058933040759404,0.002362641816425483,1.7381965170639182,0.0007599486401741672,1.0,0.0,1.0,0.0,,0.11064353569907277,0.0,,1000,0,balanced_uninformative,iid,empirical_bernstein,fixed,True,True,audit_human_preference_rate,human_eb,0.0,0.0,1.0,1.0,0.9963179161031344,1.0,0.9963179161031344,1.0,1000,1,[0.0],0.0,0.0,0.0,1.0,0.0
iid_balanced_uninformative_n0020,ppi_eb,iid_same_population,target_human_preference_rate_under_assumptions,0.5,0.5,1000,20,200,20,200,20,0.0077299999999999895,0.005072487282115868,0.1605121490728973,0.0036171343971485,3.827168640360146,0.003980998104186146,1.0,0.0,1.0,0.0,,0.1604061321372323,1.0,,1000,0,balanced_uninformative,iid,empirical_bernstein,fixed,True,True,target_human_preference_rate,human_eb,2.088972123296228,0.0039778794116677755,1.0,1.0,0.9963179161031344,1.0,0.9963179161031344,1.0,1000,1,[1.0],1.0,1.0,1.0,0.0,1.0
iid_balanced_uninformative_n0020,ppi_eb_grid,iid_same_population,target_human_preference_rate_under_assumptions,0.5,0.5,1000,20,200,20,200,20,-0.0004999999999999911,0.0034988558118322043,0.11058933040759404,0.002362641816425483,2.4593557137321285,0.000938609248175503,1.0,0.0,1.0,0.0,,0.11064353569907277,0.0,,1000,0,balanced_uninformative,iid,empirical_bernstein,simultaneous_grid,True,True,target_human_preference_rate,human_eb,0.7211591966682107,0.00017866060800133586,1.0,1.0,0.9963179161031344,1.0,0.9963179161031344,1.0,1000,5,"[0.0,0.25,0.5,0.75,1.0]",0.0,0.0,0.0,1.0,0.0
iid_balanced_uninformative_n0200,human_normal,iid_same_population,audit_human_preference_rate,0.5,0.5,1000,200,2000,200,2000,200,0.00021500000000000596,0.0011267867692795403,0.035614954724104315,0.0008326463871501389,0.13858425376928005,1.6622152321312936e-05,0.942,0.007391616873188169,0.942,0.007391616873188169,0.03535377559547393,0.03563212628265992,0.0,1.0,0,0,balanced_uninformative,iid,normal,fixed,False,False,audit_human_preference_rate,human_normal,0.0,0.0,0.0,0.0,0.9256635046176483,0.9556671397471793,0.9256635046176483,0.9556671397471793,1000,0,[],0.0,0.0,0.0,1.0,0.0
iid_balanced_uninformative_n0200,ppi_normal,iid_same_population,target_human_preference_rate_under_assumptions,0.5,0.5,1000,200,2000,200,2000,200,0.0005875000000000054,0.0016007656119164649,0.05059874751414308,0.0011744383225410705,0.19881364442930277,0.0002306619082436294,0.956,0.006485676526007139,0.956,0.006485676526007139,0.05071869840403177,0.05062065333729202,1.0,2.0608878223949105,0,0,balanced_uninformative,iid,normal,fixed,False,False,target_human_preference_rate,human_normal,0.06022939066002276,0.00023037887503113254,0.0,0.0,0.9413795807936691,0.9678505029891286,0.9413795807936691,0.9678505029891286,1000,0,[],1.0,1.0,1.0,0.0,1.0
iid_balanced_uninformative_n0200,ppi_tuned_normal,iid_same_population,target_human_preference_rate_under_assumptions,0.5,0.5,1000,200,2000,200,2000,200,0.0001877801069587054,0.0011292773360840123,0.035693518961567514,0.0008339243664621839,0.13841609958632886,2.0076606933898087e-05,0.943,0.007331507348424336,0.943,0.007331507348424336,0.03531087833198399,0.03571088492032931,0.02703975654725449,0.9975817298813375,0,0,balanced_uninformative,iid,normal,audit_tuned,False,False,target_human_preference_rate,human_normal,-0.00016815418295119733,1.1445343783334123e-05,0.0,0.0,0.9267772705393378,0.9565464180630414,0.9267772705393378,0.9565464180630414,1000,0,[],0.0,0.0005111898044008895,0.08902109640746983,0.495,0.0
iid_balanced_uninformative_n0200,human_hoeffding,iid_same_population,audit_human_preference_rate,0.5,0.5,1000,200,2000,200,2000,200,0.00021500000000000596,0.0011267867692795403,0.035614954724104315,0.0008326463871501389,0.19206455826398416,7.134104427172399e-19,0.993,0.002636474919281427,0.993,0.002636474919281427,,0.03563212628265992,0.0,,1000,0,balanced_uninformative,iid,hoeffding,fixed,True,True,audit_human_preference_rate,human_hoeffding,0.0,0.0,0.0,0.0,0.9856308050210814,0.9971811412403795,0.9856308050210814,0.9971811412403795,1000,1,[0.0],0.0,0.0,0.0,1.0,0.0
iid_balanced_uninformative_n0200,ppi_hoeffding,iid_same_population,target_human_preference_rate_under_assumptions,0.5,0.5,1000,200,2000,200,2000,200,0.0005875000000000054,0.0016007656119164649,0.05059874751414308,0.0011744383225410705,0.38890108976277166,1.756295101485818e-18,1.0,0.0,1.0,0.0,,0.05062065333729202,1.0,,1000,0,balanced_uninformative,iid,hoeffding,fixed,True,True,target_human_preference_rate,human_hoeffding,0.19683653149878746,1.3048693462924557e-18,0.0,0.0,0.9963179161031344,1.0,0.9963179161031344,1.0,1000,1,[1.0],1.0,1.0,1.0,0.0,1.0
iid_balanced_uninformative_n0200,human_eb,iid_same_population,audit_human_preference_rate,0.5,0.5,1000,200,2000,200,2000,200,0.00021500000000000596,0.0011267867692795403,0.035614954724104315,0.0008326463871501389,0.312084744549003,2.5106817807359e-05,1.0,0.0,1.0,0.0,,0.03563212628265992,0.0,,1000,0,balanced_uninformative,iid,empirical_bernstein,fixed,True,True,audit_human_preference_rate,human_eb,0.0,0.0,0.0,0.0,0.9963179161031344,1.0,0.9963179161031344,1.0,1000,1,[0.0],0.0,0.0,0.0,1.0,0.0
iid_balanced_uninformative_n0200,ppi_eb,iid_same_population,target_human_preference_rate_under_assumptions,0.5,0.5,1000,200,2000,200,2000,200,0.0005875000000000054,0.0016007656119164649,0.05059874751414308,0.0011744383225410705,0.6352198577684887,0.0003843129647069037,1.0,0.0,1.0,0.0,,0.05062065333729202,1.0,,1000,0,balanced_uninformative,iid,empirical_bernstein,fixed,True,True,target_human_preference_rate,human_eb,0.32313511321948557,0.0003838248604643441,0.0,0.0,0.9963179161031344,1.0,0.9963179161031344,1.0,1000,1,[1.0],1.0,1.0,1.0,0.0,1.0
iid_balanced_uninformative_n0200,ppi_eb_grid,iid_same_population,target_human_preference_rate_under_assumptions,0.5,0.5,1000,200,2000,200,2000,200,0.00021500000000000596,0.0011267867692795403,0.035614954724104315,0.0008326463871501389,0.4152927915066905,3.1009321078387714e-05,1.0,0.0,1.0,0.0,,0.03563212628265992,0.0,,1000,0,balanced_uninformative,iid,empirical_bernstein,simultaneous_grid,True,True,target_human_preference_rate,human_eb,0.10320804695768745,5.902503271028716e-06,0.0,0.0,0.9963179161031344,1.0,0.9963179161031344,1.0,1000,5,"[0.0,0.25,0.5,0.75,1.0]",0.0,0.0,0.0,1.0,0.0
iid_balanced_uninformative_n1000,human_normal,iid_same_population,audit_human_preference_rate,0.5,0.5,1000,1000,10000,1000,10000,1000,-0.000758999999999999,0.0005246715155210921,0.016600632518069917,0.00034671392857831717,0.061976312507187915,1.4296328518052176e-06,0.931,0.008014923580421711,0.931,0.008014923580421711,0.015810574325867507,0.016591570124590366,0.0,1.0,0,0,balanced_uninformative,iid,normal,fixed,False,False,audit_human_preference_rate,human_normal,0.0,0.0,0.0,0.0,0.9134848906542884,0.9459206642067437,0.9134848906542884,0.9459206642067437,1000,0,[],0.0,0.0,0.0,1.0,0.0
iid_balanced_uninformative_n1000,ppi_normal,iid_same_population,target_human_preference_rate_under_assumptions,0.5,0.5,1000,1000,10000,1000,10000,1000,-0.0016208999999999874,0.0007100674397259454,0.022501530836811976,0.0005006524389434014,0.08881245505599687,4.4241422071664035e-05,0.949,0.006956938982052382,0.949,0.006956938982052382,0.02265665485604281,0.022454304018583143,1.0,2.0540178602903527,0,0,balanced_uninformative,iid,normal,fixed,False,False,target_human_preference_rate,human_normal,0.026836142548808964,4.4234968918646776e-05,0.0,0.0,0.9334865384050651,0.9617947632253139,0.9334865384050651,0.9617947632253139,1000,0,[],1.0,1.0,1.0,0.0,1.0
iid_balanced_uninformative_n1000,ppi_tuned_normal,iid_same_population,target_human_preference_rate_under_assumptions,0.5,0.5,1000,1000,10000,1000,10000,1000,-0.0007639414175668588,0.0005242628319372327,0.016587955628207182,0.00034651146667831977,0.06196096457097732,1.7726364369833436e-06,0.934,0.007851369307324675,0.934,0.007851369307324675,0.01580665896407217,0.016578646414917204,0.012332972724258977,0.9995051046536726,0,0,balanced_uninformative,iid,normal,audit_tuned,False,False,target_human_preference_rate,human_normal,-1.534793621059616e-05,1.0858179087679063e-06,0.0,0.0,0.9167939495385973,0.9485914339810815,0.9167939495385973,0.9485914339810815,1000,0,[],0.0,0.001557325114566094,0.039716976572934846,0.488,0.0
iid_balanced_uninformative_n1000,human_hoeffding,iid_same_population,audit_human_preference_rate,0.5,0.5,1000,1000,10000,1000,10000,1000,-0.000758999999999999,0.0005246715155210921,0.016600632518069917,0.00034671392857831717,0.08589388166934753,2.885887334158823e-19,0.993,0.002636474919281427,0.993,0.002636474919281427,,0.016591570124590366,0.0,,1000,0,balanced_uninformative,iid,hoeffding,fixed,True,True,audit_human_preference_rate,human_hoeffding,0.0,0.0,0.0,0.0,0.9856308050210814,0.9971811412403795,0.9856308050210814,0.9971811412403795,1000,1,[0.0],0.0,0.0,0.0,1.0,0.0
iid_balanced_uninformative_n1000,ppi_hoeffding,iid_same_population,target_human_preference_rate_under_assumptions,0.5,0.5,1000,1000,10000,1000,10000,1000,-0.0016208999999999874,0.0007100674397259454,0.022501530836811976,0.0005006524389434014,0.173921854646661,0.0,1.0,0.0,1.0,0.0,,0.022454304018583143,1.0,,1000,0,balanced_uninformative,iid,hoeffding,fixed,True,True,target_human_preference_rate,human_hoeffding,0.08802797297731346,2.885887334158823e-19,0.0,0.0,0.9963179161031344,1.0,0.9963179161031344,1.0,1000,1,[1.0],1.0,1.0,1.0,0.0,1.0
iid_balanced_uninformative_n1000,human_eb,iid_same_population,audit_human_preference_rate,0.5,0.5,1000,1000,10000,1000,10000,1000,-0.000758999999999999,0.0005246715155210921,0.016600632518069917,0.00034671392857831717,0.11408163056604437,2.1593792938394213e-06,1.0,0.0,1.0,0.0,,0.016591570124590366,0.0,,1000,0,balanced_uninformative,iid,empirical_bernstein,fixed,True,True,audit_human_preference_rate,human_eb,0.0,0.0,0.0,0.0,0.9963179161031344,1.0,0.9963179161031344,1.0,1000,1,[0.0],0.0,0.0,0.0,1.0,0.0
iid_balanced_uninformative_n1000,ppi_eb,iid_same_population,target_human_preference_rate_under_assumptions,0.5,0.5,1000,1000,10000,1000,10000,1000,-0.0016208999999999874,0.0007100674397259454,0.022501530836811976,0.0005006524389434014,0.22195171471372077,7.36470623056285e-05,1.0,0.0,1.0,0.0,,0.022454304018583143,1.0,,1000,0,balanced_uninformative,iid,empirical_bernstein,fixed,True,True,target_human_preference_rate,human_eb,0.1078700841476764,7.363229424572947e-05,0.0,0.0,0.9963179161031344,1.0,0.9963179161031344,1.0,1000,1,[1.0],1.0,1.0,1.0,0.0,1.0
iid_balanced_uninformative_n1000,ppi_eb_grid,iid_same_population,target_human_preference_rate_under_assumptions,0.5,0.5,1000,1000,10000,1000,10000,1000,-0.000758999999999999,0.0005246715155210921,0.016600632518069917,0.00034671392857831717,0.1468454865667647,2.667039939767302e-06,1.0,0.0,1.0,0.0,,0.016591570124590366,0.0,,1000,0,balanced_uninformative,iid,empirical_bernstein,simultaneous_grid,True,True,target_human_preference_rate,human_eb,0.03276385600072029,5.076606459278803e-07,0.0,0.0,0.9963179161031344,1.0,0.9963179161031344,1.0,1000,5,"[0.0,0.25,0.5,0.75,1.0]",0.0,0.0,0.0,1.0,0.0
iid_balanced_perfect_n0020,human_normal,iid_same_population,audit_human_preference_rate,0.5,0.5,1000,20,200,20,200,20,0.0036500000000000083,0.0036369499453394877,0.1150108690515814,0.0024128547129462197,0.4372547199198883,0.0005414742756417042,0.955,0.00655553201502365,0.955,0.00655553201502365,0.11154662110347377,0.11501045563297671,0.0,1.0,0,0,balanced_perfect,iid,normal,fixed,False,False,audit_human_preference_rate,human_normal,0.0,0.0,0.0,0.0,0.9402471673065922,0.9669903745688513,0.9402471673065922,0.9669903745688513,1000,0,[],0.0,0.0,0.0,1.0,0.0
iid_balanced_perfect_n0020,ppi_normal,iid_same_population,target_human_preference_rate_under_assumptions,0.5,0.5,1000,20,200,20,200,20,-0.0018649999999999945,0.0011151189466892157,0.03529482964968099,0.0007813721773773754,0.1385907140929107,1.5440346408320707e-05,0.949,0.006956938982052382,0.949,0.006956938982052382,0.03535542366750016,0.035263157335458005,1.0,0.10101339925139746,0,0,balanced_perfect,iid,normal,fixed,False,False,target_human_preference_rate,human_normal,-0.29866400582697766,0.0005420085643226749,0.0,0.0,0.9334865384050651,0.9617947632253139,0.9334865384050651,0.9617947632253139,1000,0,[],1.0,1.0,1.0,0.0,1.0
iid_balanced_perfect_n0020,ppi_tuned_normal,iid_same_population,target_human_preference_rate_under_assumptions,0.5,0.5,1000,20,200,20,200,20,-0.0013337145177250275,0.001084809492884186,0.034313461186982926,0.0007621444860774527,0.1320838185884821,2.2153724088699908e-05,0.946,0.0071473071852271785,0.946,0.0071473071852271785,0.03369547084291915,0.0343046882488625,0.9083231272262388,0.09167687277376133,0,0,balanced_perfect,iid,normal,audit_tuned,False,False,target_human_preference_rate,human_normal,-0.3051709013314063,0.0005241418680783645,0.0,0.0,0.9301259944229326,0.9591766488743693,0.9301259944229326,0.9591766488743693,1000,0,[],0.898267304918653,0.9116521978147832,0.913042979548296,0.0,0.0
iid_balanced_perfect_n0020,human_hoeffding,iid_same_population,audit_human_preference_rate,0.5,0.5,1000,20,200,20,200,20,0.0036500000000000083,0.0036369499453394877,0.1150108690515814,0.0024128547129462197,0.6073614619083053,3.673974576369504e-18,0.996,0.0019959959919799443,0.996,0.0019959959919799443,,0.11501045563297671,0.0,,1000,0,balanced_perfect,iid,hoeffding,fixed,True,True,audit_human_preference_rate,human_hoeffding,0.0,0.0,0.0,0.0,0.9897903353160701,0.9989090920122741,0.9897903353160701,0.9989090920122741,1000,1,[0.0],0.0,0.0,0.0,1.0,0.0
iid_balanced_perfect_n0020,ppi_hoeffding,iid_same_population,target_human_preference_rate_under_assumptions,0.5,0.5,1000,20,200,20,200,20,-0.0018649999999999945,0.0011151189466892157,0.03529482964968099,0.0007813721773773754,1.2298132281719505,4.574466059343418e-18,1.0,0.0,1.0,0.0,,0.035263157335458005,1.0,,1000,0,balanced_perfect,iid,hoeffding,fixed,True,True,target_human_preference_rate,human_hoeffding,0.6224517662636454,5.7824532614776395e-18,1.0,0.999,0.9963179161031344,1.0,0.9963179161031344,1.0,1000,1,[1.0],1.0,1.0,1.0,0.0,1.0
iid_balanced_perfect_n0020,human_eb,iid_same_population,audit_human_preference_rate,0.5,0.5,1000,20,200,20,200,20,0.0036500000000000083,0.0036369499453394877,0.1150108690515814,0.0024128547129462197,1.7367356847100341,0.0008178661657718483,1.0,0.0,1.0,0.0,,0.11501045563297671,0.0,,1000,0,balanced_perfect,iid,empirical_bernstein,fixed,True,True,audit_human_preference_rate,human_eb,0.0,0.0,1.0,0.996,0.9963179161031344,1.0,0.9963179161031344,1.0,1000,1,[0.0],0.0,0.0,0.0,1.0,0.0
iid_balanced_perfect_n0020,ppi_eb,iid_same_population,target_human_preference_rate_under_assumptions,0.5,0.5,1000,20,200,20,200,20,-0.0018649999999999945,0.0011151189466892157,0.03529482964968099,0.0007813721773773754,2.8373656438304953,2.5098594771776337e-05,1.0,0.0,1.0,0.0,,0.035263157335458005,1.0,,1000,0,balanced_perfect,iid,empirical_bernstein,fixed,True,True,target_human_preference_rate,human_eb,1.1006299591204607,0.0008187618643804846,1.0,1.0,0.9963179161031344,1.0,0.9963179161031344,1.0,1000,1,[1.0],1.0,1.0,1.0,0.0,1.0
iid_balanced_perfect_n0020,ppi_eb_grid,iid_same_population,target_human_preference_rate_under_assumptions,0.5,0.5,1000,20,200,20,200,20,0.0036500000000000083,0.0036369499453394877,0.1150108690515814,0.0024128547129462197,2.457551446068626,0.00101014293122146,1.0,0.0,1.0,0.0,,0.11501045563297671,0.0,,1000,0,balanced_perfect,iid,empirical_bernstein,simultaneous_grid,True,True,target_human_preference_rate,human_eb,0.7208157613585914,0.00019227676544961197,1.0,1.0,0.9963179161031344,1.0,0.9963179161031344,1.0,1000,5,"[0.0,0.25,0.5,0.75,1.0]",0.0,0.0,0.0,1.0,0.0
iid_balanced_perfect_n0200,human_normal,iid_same_population,audit_human_preference_rate,0.5,0.5,1000,200,2000,200,2000,200,-0.0008149999999999937,0.0011353192171035973,0.03589324448973651,0.0007683086731863822,0.13857884677515409,1.5436763709071185e-05,0.948,0.007021111023192843,0.948,0.007021111023192843,0.03535239623489165,0.035901945974065604,0.0,1.0,0,0,balanced_perfect,iid,normal,fixed,False,False,audit_human_preference_rate,human_normal,0.0,0.0,0.0,0.0,0.9323649859494927,0.9609234650560194,0.9323649859494927,0.9609234650560194,1000,0,[],0.0,0.0,0.0,1.0,0.0
iid_balanced_perfect_n0200,ppi_normal,iid_same_population,target_human_preference_rate_under_assumptions,0.5,0.5,1000,200,2000,200,2000,200,0.0004534999999999863,0.00034525902094158456,0.010922007599338136,0.00024010802660762325,0.0438266253353803,4.6016819072711153e-07,0.954,0.006624499981130654,0.954,0.006624499981130654,0.011180467008853005,0.010918048888951795,1.0,0.1000226780411552,0,0,balanced_perfect,iid,normal,fixed,False,False,target_human_preference_rate,human_normal,-0.09475222143977383,1.5421561145618812e-05,0.0,0.0,0.9391164472862573,0.9661285014523221,0.9391164472862573,0.9661285014523221,1000,0,[],1.0,1.0,1.0,0.0,1.0
iid_balanced_perfect_n0200,ppi_tuned_normal,iid_same_population,target_human_preference_rate_under_assumptions,0.5,0.5,1000,200,2000,200,2000,200,0.000337551175944803,0.00033193996309427903,0.010497042238474322,0.00021678771164781595,0.04178662331942371,5.993240850280811e-07,0.952,0.006759881655768837,0.952,0.006759881655768837,0.010660048768505763,0.010496863298101549,0.9090725497680375,0.0909274502319625,0,0,balanced_perfect,iid,normal,audit_tuned,False,False,target_human_preference_rate,human_normal,-0.0967922234557304,1.4994342728125411e-05,0.0,0.0,0.9368598845984908,0.9643997346571167,0.9368598845984908,0.9643997346571167,1000,0,[],0.9083168235216462,0.9092866160623215,0.9094898272366247,0.0,0.0
iid_balanced_perfect_n0200,human_hoeffding,iid_same_population,audit_human_preference_rate,0.5,0.5,1000,200,2000,200,2000,200,-0.0008149999999999937,0.0011353192171035973,0.03589324448973651,0.0007683086731863822,0.19206455826398416,7.554110863947323e-19,0.995,0.002230470802319547,0.995,0.002230470802319547,,0.035901945974065604,0.0,,1000,0,balanced_perfect,iid,hoeffding,fixed,True,True,audit_human_preference_rate,human_hoeffding,0.0,0.0,0.0,0.0,0.9883705294401879,0.9983745804824372,0.9883705294401879,0.9983745804824372,1000,1,[0.0],0.0,0.0,0.0,1.0,0.0
iid_balanced_perfect_n0200,ppi_hoeffding,iid_same_population,target_human_preference_rate_under_assumptions,0.5,0.5,1000,200,2000,200,2000,200,0.0004534999999999863,0.00034525902094158456,0.010922007599338136,0.00024010802660762325,0.38890108976277166,1.756295101485818e-18,1.0,0.0,1.0,0.0,,0.010918048888951795,1.0,,1000,0,balanced_perfect,iid,hoeffding,fixed,True,True,target_human_preference_rate,human_hoeffding,0.19683653149878746,1.66801809945809e-18,0.0,0.0,0.9963179161031344,1.0,0.9963179161031344,1.0,1000,1,[1.0],1.0,1.0,1.0,0.0,1.0
iid_balanced_perfect_n0200,human_eb,iid_same_population,audit_human_preference_rate,0.5,0.5,1000,200,2000,200,2000,200,-0.0008149999999999937,0.0011353192171035973,0.03589324448973651,0.0007683086731863822,0.31207657759121193,2.3316355577006778e-05,1.0,0.0,1.0,0.0,,0.035901945974065604,0.0,,1000,0,balanced_perfect,iid,empirical_bernstein,fixed,True,True,audit_human_preference_rate,human_eb,0.0,0.0,0.0,0.0,0.9963179161031344,1.0,0.9963179161031344,1.0,1000,1,[0.0],0.0,0.0,0.0,1.0,0.0
iid_balanced_perfect_n0200,ppi_eb,iid_same_population,target_human_preference_rate_under_assumptions,0.5,0.5,1000,200,2000,200,2000,200,0.0004534999999999863,0.00034525902094158456,0.010922007599338136,0.00024010802660762325,0.3211206631427674,7.480126831671112e-07,1.0,0.0,1.0,0.0,,0.010918048888951795,1.0,,1000,0,balanced_perfect,iid,empirical_bernstein,fixed,True,True,target_human_preference_rate,human_eb,0.009044085551555456,2.3292492882242713e-05,0.0,0.0,0.9963179161031344,1.0,0.9963179161031344,1.0,1000,1,[1.0],1.0,1.0,1.0,0.0,1.0
iid_balanced_perfect_n0200,ppi_eb_grid,iid_same_population,target_human_preference_rate_under_assumptions,0.5,0.5,1000,200,2000,200,2000,200,0.0004534999999999863,0.00034525902094158456,0.010922007599338136,0.00024010802660762325,0.3966051883490569,7.480126831671811e-07,1.0,0.0,1.0,0.0,,0.010918048888951795,1.0,,1000,0,balanced_perfect,iid,empirical_bernstein,simultaneous_grid,True,True,target_human_preference_rate,human_eb,0.08452861075784489,2.329249288224267e-05,0.0,0.0,0.9963179161031344,1.0,0.9963179161031344,1.0,1000,5,"[0.0,0.25,0.5,0.75,1.0]",1.0,1.0,1.0,0.0,1.0
iid_balanced_perfect_n1000,human_normal,iid_same_population,audit_human_preference_rate,0.5,0.5,1000,1000,10000,1000,10000,1000,0.0005090000000000022,0.0005151070318431449,0.016288922616305854,0.00035116063720413727,0.06197758486278861,1.4207817802776877e-06,0.931,0.008014923580421711,0.931,0.008014923580421711,0.015810898912342237,0.01628911459393219,0.0,1.0,0,0,balanced_perfect,iid,normal,fixed,False,False,audit_human_preference_rate,human_normal,0.0,0.0,0.0,0.0,0.9134848906542884,0.9459206642067437,0.9134848906542884,0.9459206642067437,1000,0,[],0.0,0.0,0.0,1.0,0.0
iid_balanced_perfect_n1000,ppi_normal,iid_same_population,target_human_preference_rate_under_assumptions,0.5,0.5,1000,1000,10000,1000,10000,1000,-0.0001265000000000006,0.0001500963579393806,0.004745776016627839,0.00010591128413117942,0.01959973693581264,3.9412775115190507e-08,0.957,0.006414904519944161,0.957,0.006414904519944161,0.005000024768417395,0.0047464635958434,1.0,0.10000733973092388,0,0,balanced_perfect,iid,normal,fixed,False,False,target_human_preference_rate,human_normal,-0.042377847926975964,1.4214120553189056e-06,0.0,0.0,0.9425137420380276,0.9687088295439074,0.9425137420380276,0.9687088295439074,1000,0,[],1.0,1.0,1.0,0.0,1.0
iid_balanced_perfect_n1000,ppi_tuned_normal,iid_same_population,target_human_preference_rate_under_assumptions,0.5,0.5,1000,1000,10000,1000,10000,1000,-6.85921293384898e-05,0.0001473803216759866,0.0046587490958740355,0.0001034675592249908,0.018687553697456196,5.182221836247027e-08,0.955,0.00655553201502365,0.955,0.00655553201502365,0.004767320686722111,0.004660574987844019,0.909084859221458,0.09091514077854165,0,0,balanced_perfect,iid,normal,audit_tuned,False,False,target_human_preference_rate,human_normal,-0.043290031165332414,1.3822374112288744e-06,0.0,0.0,0.9402471673065922,0.9669903745688513,0.9402471673065922,0.9669903745688513,1000,0,[],0.9089346068101144,0.909132422484413,0.9091705881923985,0.0,0.0
iid_balanced_perfect_n1000,human_hoeffding,iid_same_population,audit_human_preference_rate,0.5,0.5,1000,1000,10000,1000,10000,1000,0.0005090000000000022,0.0005151070318431449,0.016288922616305854,0.00035116063720413727,0.08589388166934753,2.990862785578592e-19,0.993,0.002636474919281427,0.993,0.002636474919281427,,0.01628911459393219,0.0,,1000,0,balanced_perfect,iid,hoeffding,fixed,True,True,audit_human_preference_rate,human_hoeffding,0.0,0.0,0.0,0.0,0.9856308050210814,0.9971811412403795,0.9856308050210814,0.9971811412403795,1000,1,[0.0],0.0,0.0,0.0,1.0,0.0
iid_balanced_perfect_n1000,ppi_hoeffding,iid_same_population,target_human_preference_rate_under_assumptions,0.5,0.5,1000,1000,10000,1000,10000,1000,-0.0001265000000000006,0.0001500963579393806,0.004745776016627839,0.00010591128413117942,0.173921854646661,9.024007622142245e-19,1.0,0.0,1.0,0.0,,0.0047464635958434,1.0,,1000,0,balanced_perfect,iid,hoeffding,fixed,True,True,target_human_preference_rate,human_hoeffding,0.08802797297731346,9.762852541150317e-19,0.0,0.0,0.9963179161031344,1.0,0.9963179161031344,1.0,1000,1,[1.0],1.0,1.0,1.0,0.0,1.0
iid_balanced_perfect_n1000,human_eb,iid_same_population,audit_human_preference_rate,0.5,0.5,1000,1000,10000,1000,10000,1000,0.0005090000000000022,0.0005151070318431449,0.016288922616305854,0.00035116063720413727,0.11408355238697554,2.146010252577718e-06,1.0,0.0,1.0,0.0,,0.01628911459393219,0.0,,1000,0,balanced_perfect,iid,empirical_bernstein,fixed,True,True,audit_human_preference_rate,human_eb,0.0,0.0,0.0,0.0,0.9963179161031344,1.0,0.9963179161031344,1.0,1000,1,[0.0],0.0,0.0,0.0,1.0,0.0
iid_balanced_perfect_n1000,ppi_eb,iid_same_population,target_human_preference_rate_under_assumptions,0.5,0.5,1000,1000,10000,1000,10000,1000,-0.0001265000000000006,0.0001500963579393806,0.004745776016627839,0.00010591128413117942,0.08164412399641637,6.406626155193327e-08,1.0,0.0,1.0,0.0,,0.0047464635958434,1.0,,1000,0,balanced_perfect,iid,empirical_bernstein,fixed,True,True,target_human_preference_rate,human_eb,-0.032439428390559175,2.1471024273625337e-06,0.0,0.0,0.9963179161031344,1.0,0.9963179161031344,1.0,1000,1,[1.0],1.0,1.0,1.0,0.0,1.0
iid_balanced_perfect_n1000,ppi_eb_grid,iid_same_population,target_human_preference_rate_under_assumptions,0.5,0.5,1000,1000,10000,1000,10000,1000,-0.0001265000000000006,0.0001500963579393806,0.004745776016627839,0.00010591128413117942,0.096680580969441,6.406626155187866e-08,1.0,0.0,1.0,0.0,,0.0047464635958434,1.0,,1000,0,balanced_perfect,iid,empirical_bernstein,simultaneous_grid,True,True,target_human_preference_rate,human_eb,-0.01740297141753456,2.147102427362511e-06,0.0,0.0,0.9963179161031344,1.0,0.9963179161031344,1.0,1000,5,"[0.0,0.25,0.5,0.75,1.0]",1.0,1.0,1.0,0.0,1.0
violation_repeated_clusters,human_normal,assumption_violation_repeated_clusters_analyzed_as_iid,audit_human_preference_rate,0.5,0.5,1000,200,2000,50,500,200,-0.0025399999999999924,0.00224280596097357,0.0709337719284686,0.001588558123161426,0.13751768579033624,6.470846932690375e-05,0.682,0.014726710426975875,0.682,0.014726710426975875,0.0350816869276829,0.07092375186479195,0.0,1.0,0,0,balanced_strong,dependence_violation,normal,fixed,False,False,audit_human_preference_rate,human_normal,0.0,0.0,0.0,0.0,0.6521316996717954,0.7107923449360714,0.6521316996717954,0.7107923449360714,1000,0,[],0.0,0.0,0.0,1.0,0.0
violation_repeated_clusters,ppi_normal,assumption_violation_repeated_clusters_analyzed_as_iid,target_human_preference_rate_under_assumptions,0.5,0.5,1000,200,2000,50,500,200,-0.0011639999999999812,0.0013229464430925737,0.04183051517732002,0.0009485411867343182,0.0851052200610061,0.0004987628434517351,0.678,0.014775520295407536,0.678,0.014775520295407536,0.021710914264829653,0.041835239825908636,1.0,0.39658146960327395,0,0,balanced_strong,dependence_violation,normal,fixed,False,False,target_human_preference_rate,human_normal,-0.05241246572933016,0.0005054240368470061,0.0,0.0,0.6480481447866293,0.7068996236579648,0.6480481447866293,0.7068996236579648,1000,0,[],1.0,1.0,1.0,0.0,1.0
violation_repeated_clusters,ppi_tuned_normal,assumption_violation_repeated_clusters_analyzed_as_iid,target_human_preference_rate_under_assumptions,0.5,0.5,1000,200,2000,50,500,200,-0.0015633498489590642,0.0012591920454819469,0.0398299272601375,0.0009173883591201626,0.07855815130875732,0.0004202656914890449,0.673,0.014834790190629592,0.673,0.014834790190629592,0.02004071297442555,0.039819148752892865,0.7744634454002023,0.3359154080820897,0,0,balanced_strong,dependence_violation,normal,audit_tuned,False,False,target_human_preference_rate,human_normal,-0.05895953448157891,0.00042573388254524475,0.0,0.0,0.6429471027235785,0.7020303123813986,0.6429471027235785,0.7020303123813986,1000,0,[],0.6898415868145873,0.7760606608215582,0.8468985793578494,0.0,0.0
violation_repeated_clusters,human_hoeffding,assumption_violation_repeated_clusters_analyzed_as_iid,audit_human_preference_rate,0.5,0.5,1000,200,2000,50,500,200,-0.0025399999999999924,0.00224280596097357,0.0709337719284686,0.001588558123161426,0.19206455826398416,8.604053672779705e-19,0.794,0.0127892142057282,0.794,0.0127892142057282,,0.07092375186479195,0.0,,1000,0,balanced_strong,dependence_violation,hoeffding,fixed,False,False,audit_human_preference_rate,human_hoeffding,0.0,0.0,0.0,0.0,0.7675848559485069,0.8186712810896977,0.7675848559485069,0.8186712810896977,1000,1,[0.0],0.0,0.0,0.0,1.0,0.0
violation_repeated_clusters,ppi_hoeffding,assumption_violation_repeated_clusters_analyzed_as_iid,target_human_preference_rate_under_assumptions,0.5,0.5,1000,200,2000,50,500,200,-0.0011639999999999812,0.0013229464430925737,0.04183051517732002,0.0009485411867343182,0.38890108976277166,1.756295101485818e-18,1.0,0.0,1.0,0.0,,0.041835239825908636,1.0,,1000,0,balanced_strong,dependence_violation,hoeffding,fixed,False,False,target_human_preference_rate,human_hoeffding,0.1968365314987875,1.838665668880391e-18,0.0,0.0,0.9963179161031344,1.0,0.9963179161031344,1.0,1000,1,[1.0],1.0,1.0,1.0,0.0,1.0
violation_repeated_clusters,human_eb,assumption_violation_repeated_clusters_analyzed_as_iid,audit_human_preference_rate,0.5,0.5,1000,200,2000,50,500,200,-0.0025399999999999924,0.00224280596097357,0.0709337719284686,0.001588558123161426,0.31047375414241357,9.773847084174167e-05,0.967,0.005648982209212561,0.967,0.005648982209212561,,0.07092375186479195,0.0,,1000,0,balanced_strong,dependence_violation,empirical_bernstein,fixed,False,False,audit_human_preference_rate,human_eb,0.0,0.0,0.0,0.0,0.9539660181829768,0.9771776166505405,0.9539660181829768,0.9771776166505405,1000,1,[0.0],0.0,0.0,0.0,1.0,0.0
violation_repeated_clusters,ppi_eb,assumption_violation_repeated_clusters_analyzed_as_iid,target_human_preference_rate_under_assumptions,0.5,0.5,1000,200,2000,50,500,200,-0.0011639999999999812,0.0013229464430925737,0.04183051517732002,0.0009485411867343182,0.43786612181049217,0.0010387654285835617,1.0,0.0,1.0,0.0,,0.041835239825908636,1.0,,1000,0,balanced_strong,dependence_violation,empirical_bernstein,fixed,False,False,target_human_preference_rate,human_eb,0.12739236766807868,0.001047070167724063,0.0,0.0,0.9963179161031344,1.0,0.9963179161031344,1.0,1000,1,[1.0],1.0,1.0,1.0,0.0,1.0
violation_repeated_clusters,ppi_eb_grid,assumption_violation_repeated_clusters_analyzed_as_iid,target_human_preference_rate_under_assumptions,0.5,0.5,1000,200,2000,50,500,200,-0.0025169999999999923,0.00221036012968541,0.06990809323676336,0.001607206792732155,0.4128643103894161,0.00014156118545451273,0.991,0.0029864694875387575,0.991,0.0029864694875387575,,0.06989772459031054,0.03925,,1000,0,balanced_strong,dependence_violation,empirical_bernstein,simultaneous_grid,False,False,target_human_preference_rate,human_eb,0.10239055624700266,8.138098024444782e-05,0.0,0.0,0.9829842169301054,0.9958766043396575,0.9829842169301054,0.9958766043396575,1000,5,"[0.0,0.25,0.5,0.75,1.0]",0.0,0.0,0.0,0.906,0.021
violation_audit_target_shift,human_normal,assumption_violation_audit_target_prevalence_shift,audit_human_preference_rate,0.75,0.4,1000,1000,10000,1000,10000,1000,-0.351169,0.00048526479464403835,0.35150378803079774,0.0004838132013328588,0.060696807270620746,1.2416801488093295e-05,0.0,0.0,0.945,0.007209368904418752,0.015484163930916438,0.015345420193690387,0.0,1.0,0,0,shift_stable_conditional_errors,shift_violation,normal,fixed,False,False,audit_human_preference_rate,human_normal,0.0,0.0,0.0,0.0,0.0,0.003682083896865672,0.9290084844579425,0.958301204920464,1000,0,[],0.0,0.0,0.0,1.0,0.0
violation_audit_target_shift,ppi_normal,assumption_violation_audit_target_prevalence_shift,target_human_preference_rate_under_assumptions,0.75,,1000,1000,10000,1000,10000,1000,-0.10571529999999998,0.00040563890201610183,0.10648991985159907,0.00040576561697500634,0.05166415206294063,5.087998599019387e-05,0.0,0.0,,,0.013179872811556964,0.012827428379407488,1.0,0.7253447068406002,0,0,shift_stable_conditional_errors,shift_violation,normal,fixed,False,,not_reported_for_shifted_rectified_functional,human_normal,-0.009032655207680106,5.314414021498605e-05,0.0,0.0,0.0,0.003682083896865672,,,0,0,[],1.0,1.0,1.0,0.0,1.0
violation_audit_target_shift,ppi_tuned_normal,assumption_violation_audit_target_prevalence_shift,target_human_preference_rate_under_assumptions,0.75,,1000,1000,10000,1000,10000,1000,-0.19843797054831458,0.00045409005066757483,0.1989563261916417,0.00045365578956200553,0.04558139659010084,3.591676940083846e-05,0.0,0.0,,,0.011628120962844487,0.014359588229307994,0.622241898224227,0.5643401429179071,0,0,shift_stable_conditional_errors,shift_violation,normal,audit_tuned,False,,not_reported_for_shifted_rectified_functional,human_normal,-0.015115410680519909,3.6886106985684504e-05,0.0,0.0,0.0,0.003682083896865672,,,0,0,[],0.595893631082128,0.6221297771249898,0.649269518932021,0.0,0.0
violation_audit_target_shift,human_hoeffding,assumption_violation_audit_target_prevalence_shift,audit_human_preference_rate,0.75,0.4,1000,1000,10000,1000,10000,1000,-0.351169,0.00048526479464403835,0.35150378803079774,0.0004838132013328588,0.08589388166934753,0.0,0.0,0.0,0.996,0.0019959959919799443,,0.015345420193690387,0.0,,1000,0,shift_stable_conditional_errors,shift_violation,hoeffding,fixed,False,True,audit_human_preference_rate,human_hoeffding,0.0,0.0,0.0,0.0,0.0,0.003682083896865672,0.9897903353160701,0.9989090920122741,1000,1,[0.0],0.0,0.0,0.0,1.0,0.0
violation_audit_target_shift,ppi_hoeffding,assumption_violation_audit_target_prevalence_shift,target_human_preference_rate_under_assumptions,0.75,,1000,1000,10000,1000,10000,1000,-0.10571529999999998,0.00040563890201610183,0.10648991985159907,0.00040576561697500634,0.173921854646661,0.0,0.068,0.007960904471226871,,,,0.012827428379407488,1.0,,1000,0,shift_stable_conditional_errors,shift_violation,hoeffding,fixed,False,,not_reported_for_shifted_rectified_functional,human_hoeffding,0.08802797297731346,0.0,0.0,0.0,0.05318809976040197,0.08541305019143099,,,0,1,[1.0],1.0,1.0,1.0,0.0,1.0
violation_audit_target_shift,human_eb,assumption_violation_audit_target_prevalence_shift,audit_human_preference_rate,0.75,0.4,1000,1000,10000,1000,10000,1000,-0.351169,0.00048526479464403835,0.35150378803079774,0.0004838132013328588,0.11214901051557931,1.8754874019051263e-05,0.0,0.0,1.0,0.0,,0.015345420193690387,0.0,,1000,0,shift_stable_conditional_errors,shift_violation,empirical_bernstein,fixed,False,True,audit_human_preference_rate,human_eb,0.0,0.0,0.0,0.0,0.0,0.003682083896865672,0.9963179161031344,1.0,1000,1,[0.0],0.0,0.0,0.0,1.0,0.0
violation_audit_target_shift,ppi_eb,assumption_violation_audit_target_prevalence_shift,target_human_preference_rate_under_assumptions,0.75,,1000,1000,10000,1000,10000,1000,-0.10571529999999998,0.00040563890201610183,0.10648991985159907,0.00040576561697500634,0.15724521456282717,8.813187381346882e-05,0.017,0.004087909000944126,,,,0.012827428379407488,1.0,,1000,0,shift_stable_conditional_errors,shift_violation,empirical_bernstein,fixed,False,,not_reported_for_shifted_rectified_functional,human_eb,0.04509620404724785,9.129623263656122e-05,0.0,0.0,0.009933512592716534,0.027079496864851366,,,0,1,[1.0],1.0,1.0,1.0,0.0,1.0
violation_audit_target_shift,ppi_eb_grid,assumption_violation_audit_target_prevalence_shift,target_human_preference_rate_under_assumptions,0.75,,1000,1000,10000,1000,10000,1000,-0.289934925,0.00042294141474876227,0.29024293496246384,0.0004256375196872324,0.1425042906288878,2.9823680325180786e-05,0.0,0.0,,,,0.0133745818742002,0.2495,,1000,0,shift_stable_conditional_errors,shift_violation,empirical_bernstein,simultaneous_grid,False,,not_reported_for_shifted_rectified_functional,human_eb,0.030355280113308496,2.3585098879122733e-05,0.0,0.0,0.0,0.003682083896865672,,,0,5,"[0.0,0.25,0.5,0.75,1.0]",0.25,0.25,0.25,0.002,0.0
