case,power_mode,alpha,n_labeled,n_unlabeled,covariance_ddof0,covariance_ddof1,per_pool_denominator,pooled_judge_variance_ddof1,reference_denominator,judgecal_auto_power_formula,reference_auto_power_formula,judgecal_selected_power,reference_power_from_pinned_formula,power_difference,judgecal_point,reference_point,point_difference,judgecal_standard_error,reference_standard_error_from_ci,expected_judgecal_variance_ddof1,expected_reference_variance_ddof0,judgecal_ci_low,judgecal_ci_high,reference_ci_low,reference_ci_high,ci_low_difference,ci_high_difference,judgecal_power_matches_formula,judgecal_point_matches_formula,reference_point_matches_formula,judgecal_variance_matches_ddof1,reference_variance_matches_ddof0,reference_interval_center_matches_point,judgecal_interval_matches_normal_formula,contract_passed
iid_strong,0.0,0.050000000000000003,200,2000,0.20699999999999999,0.20804020100502513,0.26430434362910105,0.24108458390177356,0.26519304229195095,0.78712365505793003,0.78056346505544338,0,0,0,0.59999999999999998,0.59999999999999998,0,0.034727944810393964,0.034641016151377553,0.0012060301507537691,0.0012000000000000003,0.53193447891453316,0.6680655210854668,0.53210485595542967,0.66789514404457029,-0.00017037704089650774,0.00017037704089650774,True,True,True,True,True,True,True,True
iid_strong,0.25,0.050000000000000003,200,2000,0.20699999999999999,0.20804020100502513,0.26430434362910105,0.24108458390177356,0.26519304229195095,0.78712365505793003,0.78056346505544338,0.25,0.25,0,0.59724999999999995,0.59724999999999995,0,0.02772227904818253,0.027653500004520208,0.00076852475562529999,0.00076471606249999989,0.54291533149619287,0.65158466850380703,0.54305013594466212,0.65144986405533778,-0.0001348044484692501,0.0001348044484692501,True,True,True,True,True,True,True,True
iid_strong,1.0,0.050000000000000003,200,2000,0.20699999999999999,0.20804020100502513,0.26430434362910105,0.24108458390177356,0.26519304229195095,0.78712365505793003,0.78056346505544338,1,1,0,0.58899999999999997,0.58899999999999997,0,0.021145918255044457,0.021105852268979822,0.00044714985884902243,0.00044545700000000001,0.54755476180008478,0.63044523819991516,0.54763328968977654,0.6303667103102234,-7.8527889691759611e-05,7.8527889691759611e-05,True,True,True,True,True,True,True,True
iid_strong,auto,0.050000000000000003,200,2000,0.20699999999999999,0.20804020100502513,0.26430434362910105,0.24108458390177356,0.26519304229195095,0.78712365505793003,0.78056346505544338,0.78712365505792992,0.78056346505544338,0.0065601900024865323,0.59134163979436272,0.59141380188439008,-7.2162090027361181e-05,0.019679007436439969,0.019639612463174867,0.0003872633336834596,0.0003857143777036927,0.55277149396744452,0.62991178562128092,0.55292086878624336,0.6299067349825368,-0.00014937481879884196,5.0506387441195955e-06,True,True,True,True,True,True,True,True
iid_weak,0.0,0.050000000000000003,80,500,-0.0053124999999999969,-0.0053797468354430354,0.29230142512873852,0.24871657435530939,0.28851122625215886,0,0,0,0,0,0.46250000000000002,0.46250000000000002,0,0.056095956441742964,0.055744254188212071,0.0031467563291139242,0.0031074218749999999,0.35255394569585613,0.57244605430414386,0.35324326944605827,0.57175673055394172,-0.00068932375020214209,0.00068932375020214209,True,True,True,True,True,True,True,True
iid_weak,0.25,0.050000000000000003,80,500,-0.0053124999999999969,-0.0053797468354430354,0.29230142512873852,0.24871657435530939,0.28851122625215886,0,0,0.25,0.25,0,0.46725000000000005,0.46725,5.5511151231257827e-17,0.058384417743240963,0.058021179053428434,0.0034087402352172705,0.0033664572187500001,0.35281864396490642,0.58168135603509363,0.35353057871473048,0.58096942128526952,-0.00071193474982406135,0.00071193474982411686,True,True,True,True,True,True,True,True
iid_weak,1.0,0.050000000000000003,80,500,-0.0053124999999999969,-0.0053797468354430354,0.29230142512873852,0.24871657435530939,0.28851122625215886,0,0,1,1,0,0.48150000000000004,0.48150000000000004,0,0.08327675434423,0.082786169587679329,0.0069350178141092305,0.006853549875,0.3182805607359197,0.64471943926408037,0.31924208919012342,0.64375791080987665,-0.00096152845420371946,0.00096152845420371946,True,True,True,True,True,True,True,True
iid_weak,auto,0.050000000000000003,80,500,-0.0053124999999999969,-0.0053797468354430354,0.29230142512873852,0.24871657435530939,0.28851122625215886,0,0,0,0,0,0.46250000000000002,0.46250000000000002,0,0.056095956441742964,0.055744254188212071,0.0031467563291139242,0.0031074218749999999,0.35255394569585613,0.57244605430414386,0.35324326944605827,0.57175673055394172,-0.00068932375020214209,0.00068932375020214209,True,True,True,True,True,True,True,True
iid_anticorrelated,0.0,0.050000000000000003,100,300,-0.17000000000000001,-0.17171717171717171,0.33604439039221645,0.25046992481203006,0.3339598997493734,0,0,0,0,0,0.57999999999999996,0.57999999999999996,0,0.049604496374885822,0.049355850717012276,0.0024606060606060607,0.0024360000000000002,0.48277697363397604,0.67722302636602383,0.4832643101683205,0.67673568983167942,-0.00048733653434446245,0.00048733653434440694,True,True,True,True,True,True,True,True
iid_anticorrelated,0.25,0.050000000000000003,100,300,-0.17000000000000001,-0.17171717171717171,0.33604439039221645,0.25046992481203006,0.3339598997493734,0,0,0.25,0.25,0,0.57583333333333331,0.57583333333333331,0,0.059407235781401696,0.059112396863627188,0.003529219663187054,0.0034942754629629629,0.45939729078070674,0.69226937588595983,0.45997516444078557,0.69169150222588105,-0.00057787366007883145,0.00057787366007877594,True,True,True,True,True,True,True,True
iid_anticorrelated,1.0,0.050000000000000003,100,300,-0.17000000000000001,-0.17171717171717171,0.33604439039221645,0.25046992481203006,0.3339598997493734,0,0,1,1,0,0.56333333333333335,0.56333333333333335,0,0.096204955167972825,0.095751801066128295,0.0092553933988716603,0.0091684074074074081,0.37477508606981602,0.75189158059685068,0.37566325178887794,0.75100341487778877,-0.00088816571906191744,0.00088816571906191744,True,True,True,True,True,True,True,True
iid_anticorrelated,auto,0.050000000000000003,100,300,-0.17000000000000001,-0.17171717171717171,0.33604439039221645,0.25046992481203006,0.3339598997493734,0,0,0,0,0,0.57999999999999996,0.57999999999999996,0,0.049604496374885822,0.049355850717012276,0.0024606060606060607,0.0024360000000000002,0.48277697363397604,0.67722302636602383,0.4832643101683205,0.67673568983167942,-0.00048733653434446245,0.00048733653434440694,True,True,True,True,True,True,True,True
small_prediction_pool,0.0,0.050000000000000003,120,30,0.17736111111111103,0.17885154061624642,0.78976866608712448,0.2029530201342282,1.0147651006711409,0.22646066917589783,0.17478046002351549,0,0,0,0.68333333333333335,0.68333333333333335,0,0.042642631535546413,0.042464582191995524,0.0018183940242763774,0.0018032407407407409,0.59975531131765036,0.76691135534901633,0.60010428161848117,0.76656238504818552,-0.00034897030083080871,0.00034897030083080871,True,True,True,True,True,True,True,True
small_prediction_pool,0.25,0.050000000000000003,120,30,0.17736111111111103,0.17885154061624642,0.78976866608712448,0.2029530201342282,1.0147651006711409,0.22646066917589783,0.17478046002351549,0.25,0.25,0,0.71875,0.71875,0,0.038529431849289718,0.038270914610087269,0.0014845171186290609,0.0014646629050925927,0.64323370123060164,0.79426629876939836,0.64374038570882119,0.79375961429117881,-0.00050668447821955453,0.00050668447821955453,True,True,True,True,True,True,True,True
small_prediction_pool,1.0,0.050000000000000003,120,30,0.17736111111111103,0.17885154061624642,0.78976866608712448,0.2029530201342282,1.0147651006711409,0.22646066917589783,0.17478046002351549,1,1,0,0.82500000000000007,0.82500000000000007,0,0.073613453693816319,0.072484832385306106,0.0054189405647316388,0.0052540509259259242,0.68072028198251311,0.96927971801748702,0.68293233909937756,0.96706766090062257,-0.0022120571168644521,0.0022120571168644521,True,True,True,True,True,True,True,True
small_prediction_pool,auto,0.050000000000000003,120,30,0.17736111111111103,0.17885154061624642,0.78976866608712448,0.2029530201342282,1.0147651006711409,0.22646066917589783,0.17478046002351549,0.22646066917589783,0.17478046002351549,0.051680209152382334,0.71541526146658552,0.70809389850333138,0.007321362963254141,0.038482078441579991,0.038500696199211662,0.0014808703611839153,0.0014823036078239929,0.63999177367084348,0.79083874926232756,0.63263392057315837,0.78355387643350438,0.0073578530976851075,0.0072848728288231746,True,True,True,True,True,True,True,True
small_tie_fixture,0.0,0.050000000000000003,8,9,0.125,0.14285714285714285,0.33156966490299822,0.17279411764705882,0.3263888888888889,0.43085106382978722,0.38297872340425532,0,0,0,0.5625,0.5625,0,0.14752421108802058,0.13799626353637257,0.021763392857142856,0.01904296875,0.27335785941979512,0.85164214058020482,0.29203229346761178,0.83296770653238816,-0.018674434047816657,0.018674434047816657,True,True,True,True,True,True,True,True
small_tie_fixture,0.25,0.050000000000000003,8,9,0.125,0.14285714285714285,0.33156966490299822,0.17279411764705882,0.3263888888888889,0.43085106382978722,0.38297872340425532,0.25,0.25,0,0.61805555555555558,0.61805555555555558,0,0.12419826663696279,0.11623159802431821,0.015425209435626103,0.013509784379286694,0.37463142600480587,0.86147968510630535,0.39024580956235499,0.84586530154875617,-0.015614383557549127,0.015614383557549183,True,True,True,True,True,True,True,True
small_tie_fixture,1.0,0.050000000000000003,8,9,0.125,0.14285714285714285,0.33156966490299822,0.17279411764705882,0.3263888888888889,0.43085106382978722,0.38297872340425532,1,1,0,0.78472222222222221,0.78472222222222221,0,0.16581711388072076,0.15576270034442494,0.027495315255731921,0.024262018818587104,0.45972665099563276,1.1097177934488116,0.47943293941244469,1.0900115050319998,-0.019706288416811935,0.019706288416811768,True,True,True,True,True,True,True,True
small_tie_fixture,auto,0.050000000000000003,8,9,0.125,0.14285714285714285,0.33156966490299822,0.17279411764705882,0.3263888888888889,0.43085106382978722,0.38297872340425532,0.43085106382978722,0.38297872340425532,0.047872340425531901,0.6582446808510638,0.64760638297872342,0.010638297872340385,0.11861544528509924,0.11146253979573094,0.01406962386018237,0.012423897777714904,0.4257626800820879,0.89072668162003965,0.42914381935372825,0.86606894660371858,-0.0033811392716403543,0.02465773501632107,True,True,True,True,True,True,True,True
perfect_judge_fixture,0.0,0.050000000000000003,20,40,0.25,0.26315789473684209,0.39136302294197028,0.25423728813559321,0.38135593220338981,0.67241379310344829,0.65555555555555556,0,0,0,0.5,0.5,0,0.11470786693528089,0.11180339887498947,0.013157894736842105,0.012500000000000001,0.27517671206343652,0.72482328793656348,0.28086936485585462,0.71913063514414532,-0.0056926527924180959,0.0056926527924181514,True,True,True,True,True,True,True,True
perfect_judge_fixture,0.25,0.050000000000000003,20,40,0.25,0.26315789473684209,0.39136302294197028,0.25423728813559321,0.38135593220338981,0.67241379310344829,0.65555555555555556,0.25,0.25,0,0.5,0.5,0,0.088328686252625258,0.086150304700563882,0.0078019568151147098,0.0074218750000000005,0.32687895614311624,0.67312104385688376,0.33114850552974306,0.66885149447025694,-0.0042695493866268253,0.0042695493866268253,True,True,True,True,True,True,True,True
perfect_judge_fixture,1.0,0.050000000000000003,20,40,0.25,0.26315789473684209,0.39136302294197028,0.25423728813559321,0.38135593220338981,0.67241379310344829,0.65555555555555556,1,1,0,0.5,0.5,0,0.080064076902543566,0.079056941504209485,0.00641025641025641,0.0062500000000000003,0.34307729281556937,0.65692270718443058,0.34505124192385961,0.65494875807614039,-0.0019739491082902405,0.001973949108290185,True,True,True,True,True,True,True,True
perfect_judge_fixture,auto,0.050000000000000003,20,40,0.25,0.26315789473684209,0.39136302294197028,0.25423728813559321,0.38135593220338981,0.67241379310344829,0.65555555555555556,0.67241379310344829,0.65555555555555556,0.016858237547892729,0.5,0.5,0,0.065653216429861272,0.064567650425592218,0.0043103448275862068,0.0041689814814814818,0.37132206032825854,0.62867793967174146,0.37344973059946696,0.62655026940053304,-0.002127670271208415,0.002127670271208415,True,True,True,True,True,True,True,True
