reference_definition,labeled_fraction,method,mean_absolute_error,mean_squared_error,mean_interval_width,mean_bias,mean_selected_power,trials
mean_vote,0.2,human_only,0.07412724877492055,0.008616258398562305,0.267327992977373,-0.006698053265968265,0.0,450
mean_vote,0.2,ppi,0.08453684476792596,0.011440525995396838,0.36219828886822764,0.0019678412943911275,1.0,450
mean_vote,0.2,ppi_tuned,0.07072285426355503,0.007921278718355455,0.24737134106683178,-0.005576530942623097,0.2460405430914155,450
mean_vote,0.2,raw_judge,0.08652598519668402,0.011839959003473533,,0.005832994497263634,,450
mean_vote,0.4,human_only,0.06359352602258804,0.006582209853568228,0.19191372332797865,-0.004731641777208891,0.0,450
mean_vote,0.4,ppi,0.07067385868394024,0.008039917970326603,0.3024476159245021,0.0009248008839011562,1.0,450
mean_vote,0.4,ppi_tuned,0.06123283696146255,0.00611192349087801,0.1831942054021659,-0.004232270714972725,0.19220414777972425,450
mean_vote,0.4,raw_judge,0.08652598519668402,0.011839959003473533,,0.005832994497263634,,450
mean_vote,0.6,human_only,0.06140736511565912,0.005902050025082165,0.15787314392905702,-0.0034231626763154446,0.0,450
mean_vote,0.6,ppi,0.06919570804335415,0.007737640724373602,0.2779871978270558,0.001190080590248313,1.0,450
mean_vote,0.6,ppi_tuned,0.059374779796108335,0.0055778920171435055,0.15257023797667849,-0.002898571475795763,0.1611674438842362,450
mean_vote,0.6,raw_judge,0.08652598519668402,0.011839959003473533,,0.005832994497263634,,450
plurality,0.2,human_only,0.07841817931756022,0.009432327680733099,0.2800810807255508,-0.008247961076150018,0.0,450
plurality,0.2,ppi,0.08609760229889715,0.01200554062916725,0.37015117243800744,0.0004179334842093621,1.0,450
plurality,0.2,ppi_tuned,0.07479823871617132,0.008683955342467822,0.258976836955556,-0.0071109285049697196,0.25830461472982735,450
plurality,0.2,raw_judge,0.0913164709406368,0.013062994752858586,,-0.0029282428202049285,,450
plurality,0.4,human_only,0.06505526091818178,0.006899796952772814,0.20249483825925227,-0.005642792156544125,0.0,450
plurality,0.4,ppi,0.07127162124054492,0.008334349267429302,0.307697149792491,1.3650504565907625e-05,1.0,450
plurality,0.4,ppi_tuned,0.06267214978546536,0.00637298823438124,0.19319720251448652,-0.0053215163057511155,0.20129703540668065,450
plurality,0.4,raw_judge,0.0913164709406368,0.013062994752858586,,-0.0029282428202049285,,450
plurality,0.6,human_only,0.06320860882459277,0.0061624072685566075,0.16650796829433703,-0.0041158300410266595,0.0,450
plurality,0.6,ppi,0.07112294429939461,0.008002561747045505,0.28183177342889515,0.0004974132255370889,1.0,450
plurality,0.6,ppi_tuned,0.06112945316027434,0.005795633144324901,0.1608452457786419,-0.0036573781951488894,0.16855738985401172,450
plurality,0.6,raw_judge,0.0913164709406368,0.013062994752858586,,-0.0029282428202049285,,450
