scenario,method,validity_scope,interval_estimand,truth,native_truth,repetitions,n_labeled,n_unlabeled,audit_units,target_units,audit_labels_used,bias,bias_mcse,rmse,rmse_mcse,mean_width,mean_width_mcse,coverage,coverage_mcse,native_coverage,native_coverage_mcse,mean_standard_error,empirical_standard_deviation,mean_selected_power,mean_estimated_variance_ratio,undefined_variance_ratio_draws,zero_width_draws,draw_group,inference_mode,judge_profile,oracle_power,mse_difference_vs_human,mse_difference_vs_human_mcse,mae_difference_vs_human,mae_difference_vs_human_mcse,rmse_difference_vs_human,rmse_difference_vs_human_mcse,power_q10,power_q50,power_q90,power_zero_fraction,power_one_fraction
iid_p020_strong_n020,raw_judge,same_population_iid,target_judge_positive_rate,0.2,0.27,500,20,200,20,200,0,0.07032,0.0014233224841150984,0.07717382976113081,0.0014385411043598435,0.1230117571874645,0.00020286209161672012,0.4,0.021908902300206645,0.95,0.00974679434480897,0.0313811269384962,0.03182645828385225,,,500,0,iid_p020_strong_n020,iid,strong,0.6272773396061069,-0.0029192000000000007,0.0005692494027093659,-0.00536000000000001,0.0029101682009663684,-0.01703338864595305,0.003133725761573504,,,,,
iid_p020_strong_n020,human_only,same_population_iid,audit_human_preference_rate,0.2,0.2,500,20,200,20,200,20,0.0020999999999999873,0.004216246371707169,0.09420721840708386,0.002772549185776975,0.3430449200480441,0.0033374733455999533,0.91,0.012798437404620923,0.91,0.012798437404620923,0.08751306726907704,0.09427813497024076,0.0,1.0,6,6,iid_p020_strong_n020,iid,strong,0.6272773396061069,0.0,0.0,0.0,0.0,0.0,0.0,0.0,0.0,0.0,1.0,0.0
iid_p020_strong_n020,ppi,same_population_iid,target_human_preference_rate_under_assumptions,0.2,0.2,500,20,200,20,200,20,-0.005580000000000008,0.003304719282946459,0.0740324253283654,0.0027471440294667194,0.277367773402555,0.003677131779956354,0.896,0.013651666564928987,0.896,0.013651666564928987,0.07075838525360582,0.07389576963222644,1.0,0.8132328223463021,6,0,iid_p020_strong_n020,iid,strong,0.6272773396061069,-0.003394199999999999,0.0006577747318921818,-0.017279999999999993,0.0032575491481949756,-0.02017479307871846,0.0038769209448177295,1.0,1.0,1.0,0.0,1.0
iid_p020_strong_n020,ppi_tuned,same_population_iid,target_human_preference_rate_under_assumptions,0.2,0.2,500,20,200,20,200,20,-0.006635390655164976,0.002919021658242476,0.06554274515420978,0.002131261694219205,0.22106726132054064,0.0028157674978648833,0.868,0.01513776733867977,0.868,0.01513776733867977,0.056395745805609424,0.06527130855624337,0.6081499481090603,0.46354777248748774,6,6,iid_p020_strong_n020,iid,strong,0.6272773396061069,-0.0045791485576503095,0.00047790413197322073,-0.023064978161003034,0.002436485859984432,-0.02866447325287408,0.002695827862409628,0.35815428081161566,0.6190537913156187,0.8584867538278104,0.018,0.0
iid_p020_strong_n050,raw_judge,same_population_iid,target_judge_positive_rate,0.2,0.27,500,50,500,50,500,0,0.069764,0.0009089890704846349,0.0726589292516756,0.0009144671825944398,0.07778112065248015,8.263468362158539e-05,0.052,0.00992935043192655,0.94,0.010620734437881408,0.01984248722578774,0.020325613524079914,,,500,0,iid_p020_strong_n050,iid,strong,0.6272773396061069,0.0018545199999999986,0.00025433083171948743,0.02332399999999999,0.00189306879614394,0.014137138438338373,0.0020547711665743922,,,,,
iid_p020_strong_n050,human_only,same_population_iid,audit_human_preference_rate,0.2,0.2,500,50,500,50,500,50,0.0017199999999999935,0.0026186633987574618,0.05852179081333722,0.0017866033885215675,0.22080771776708838,0.0011567985818471053,0.936,0.01094568408095172,0.936,0.01094568408095172,0.056329534498794735,0.058555093698123235,0.0,1.0,0,0,iid_p020_strong_n050,iid,strong,0.6272773396061069,0.0,0.0,0.0,0.0,0.0,0.0,0.0,0.0,0.0,1.0,0.0
iid_p020_strong_n050,ppi,same_population_iid,target_human_preference_rate_under_assumptions,0.2,0.2,500,50,500,50,500,50,0.0010439999999999885,0.0019869665826079716,0.04439774769062052,0.0013756505410157615,0.17503526643125503,0.0014076298640831183,0.932,0.01125841907196565,0.932,0.01125841907196565,0.04465267418480921,0.044429923477318764,1.0,0.6836524860783879,0,0,iid_p020_strong_n050,iid,strong,0.6272773396061069,-0.00145364,0.00023287547082211394,-0.011236000000000001,0.0019539961130000333,-0.0141240431227167,0.0021585519103485694,1.0,1.0,1.0,0.0,1.0
iid_p020_strong_n050,ppi_tuned,same_population_iid,target_human_preference_rate_under_assumptions,0.2,0.2,500,50,500,50,500,50,0.00034484720176559437,0.001788818471293246,0.03996066578135652,0.0013396101310157542,0.14594932715785688,0.0010274070294654083,0.914,0.01253826144248077,0.914,0.01253826144248077,0.03723265537251871,0.03999919701218954,0.631424324018856,0.4545239547070824,0,0,iid_p020_strong_n050,iid,strong,0.6272773396061069,-0.001827945190310722,0.00017479385350683242,-0.015239060550187119,0.0014846823439556536,-0.0185611250319807,0.001533868605378561,0.4855882438355341,0.6371961598576444,0.7680080817077214,0.0,0.0
iid_p020_strong_n200,raw_judge,same_population_iid,target_judge_positive_rate,0.2,0.27,500,200,2000,200,2000,0,0.069921,0.0004286700760120027,0.07057366010063527,0.00042395400646809016,0.03890868376189215,1.9549070985235243e-05,0.0,0.0,0.96,0.008763560920082661,0.009925867023271574,0.0095853542988284,,,500,0,iid_p020_strong_n200,iid,strong,0.6272773396061069,0.0041802415,7.799345329332926e-05,0.04740100000000001,0.0008818439178169692,0.042282318669024085,0.000981356391855518,,,,,
iid_p020_strong_n200,human_only,same_population_iid,audit_human_preference_rate,0.2,0.2,500,200,2000,200,2000,200,-0.00012000000000001105,0.0012664829877722925,0.028291341431611192,0.0008857320228747151,0.11068735659459489,0.000266300010228347,0.936,0.01094568408095172,0.936,0.01094568408095172,0.02823708942299007,0.028319420530058814,0.0,1.0,0,0,iid_p020_strong_n200,iid,strong,0.6272773396061069,0.0,0.0,0.0,0.0,0.0,0.0,0.0,0.0,0.0,1.0,0.0
iid_p020_strong_n200,ppi,same_population_iid,target_human_preference_rate_under_assumptions,0.2,0.2,500,200,2000,200,2000,200,0.00040099999999999793,0.0010069305916660125,0.022496699757964502,0.0006836421757420244,0.0893349163065334,0.00033677126480320023,0.942,0.010453324829928518,0.942,0.010453324829928518,0.022789938236415515,0.02251565251589287,1.0,0.6627693491159693,0,0,iid_p020_strong_n200,iid,strong,0.6272773396061069,-0.0002942985,5.814812008383476e-05,-0.004464999999999996,0.0009757431523709492,-0.00579464167364669,0.001105339960717049,1.0,1.0,1.0,0.0,1.0
iid_p020_strong_n200,ppi_tuned,same_population_iid,target_human_preference_rate_under_assumptions,0.2,0.2,500,200,2000,200,2000,200,-2.679601758881206e-05,0.0008644915082963083,0.01931129608329941,0.0005909845883299562,0.07517480410721843,0.00023161241041450437,0.952,0.009559916317625384,0.952,0.009559916317625384,0.019177598338588786,0.01933061778521869,0.6272893262750675,0.46545223235000366,0,0,iid_p020_strong_n200,iid,strong,0.6272773396061069,-0.0004274738435831448,4.3247262611437826e-05,-0.007032420543992389,0.0007056556783038771,-0.008980045348311781,0.0007758129913860525,0.5562418841082539,0.6284258753287492,0.6939425362358649,0.0,0.0
iid_p020_moderate_n020,raw_judge,same_population_iid,target_judge_positive_rate,0.2,0.5000000000000001,500,20,200,20,200,0,0.29890999999999995,0.0016190634740695419,0.3010901027931672,0.0016016375713680522,0.13857280422542528,2.439770889471706e-05,0.0,0.0,0.946,0.010107818755794947,0.035350854739798765,0.03620335987906464,,,500,0,iid_p020_moderate_n020,iid,moderate,0.29090909090909095,0.08301025000000001,0.001093010231015799,0.23161,0.0029832726377692206,0.21365441213997916,0.0033476037673929593,,,,,
iid_p020_moderate_n020,human_only,same_population_iid,audit_human_preference_rate,0.2,0.2,500,20,200,20,200,20,0.002499999999999988,0.003912558783259994,0.08743569065318807,0.0029391099531513314,0.34520940710572856,0.0032458817034694853,0.932,0.01125841907196565,0.932,0.01125841907196565,0.08806524248116196,0.08748747405333214,0.0,1.0,8,8,iid_p020_moderate_n020,iid,moderate,0.29090909090909095,0.0,0.0,0.0,0.0,0.0,0.0,0.0,0.0,0.0,1.0,0.0
iid_p020_moderate_n020,ppi,same_population_iid,target_human_preference_rate_under_assumptions,0.2,0.2,500,20,200,20,200,20,-0.002590000000000006,0.005373903747087952,0.12007185348781788,0.0034738252896457412,0.4560104348973342,0.0022676143193348782,0.938,0.010784804124322337,0.938,0.010784804124322337,0.11633133019134183,0.12016414083029499,1.0,1.9177589331558995,8,0,iid_p020_moderate_n020,iid,moderate,0.29090909090909095,0.0067722500000000005,0.000973460498973185,0.029950000000000004,0.003947868580976998,0.032636162834629806,0.004517660402940418,1.0,1.0,1.0,0.0,1.0
iid_p020_moderate_n020,ppi_tuned,same_population_iid,target_human_preference_rate_under_assumptions,0.2,0.2,500,20,200,20,200,20,0.001003355743616042,0.003689195793380528,0.0824164993074484,0.0026850452815278558,0.312003044849145,0.002840196979901345,0.918,0.012269963325128561,0.918,0.012269963325128561,0.07959407604175003,0.0824929257630513,0.29612580037278574,0.829233120745842,8,8,iid_p020_moderate_n020,iid,moderate,0.29090909090909095,-0.000852520641905356,0.0003180795103479718,-0.0013530210278974897,0.0016961246113458537,-0.005019191345739665,0.0018433086463546943,0.10136821650749082,0.30322012135301435,0.48774780631379516,0.032,0.0
iid_p020_moderate_n050,raw_judge,same_population_iid,target_judge_positive_rate,0.2,0.5000000000000001,500,50,500,50,500,0,0.299404,0.0010671904041535587,0.3003515673340161,0.0010723824575756453,0.08764007672174683,6.3633139517714285e-06,0.0,0.0,0.918,0.012269963325128561,0.02235757325467217,0.023863102886228314,,,500,0,iid_p020_moderate_n050,iid,moderate,0.29090909090909095,0.08647106399999999,0.0006850361832900812,0.251444,0.002015778871035667,0.23919602792833344,0.0022226607144617337,,,,,
iid_p020_moderate_n050,human_only,same_population_iid,audit_human_preference_rate,0.2,0.2,500,50,500,50,500,50,0.0008399999999999917,0.002737439670915837,0.06115553940568262,0.001957351257494841,0.2201784583594403,0.001168070702831079,0.91,0.012798437404620923,0.91,0.012798437404620923,0.05616900618995549,0.061211011884724664,0.0,1.0,0,0,iid_p020_moderate_n050,iid,moderate,0.29090909090909095,0.0,0.0,0.0,0.0,0.0,0.0,0.0,0.0,0.0,1.0,0.0
iid_p020_moderate_n050,ppi,same_population_iid,target_human_preference_rate_under_assumptions,0.2,0.2,500,50,500,50,500,50,0.002043999999999989,0.0033375756096154286,0.07458380521265995,0.002539196957145079,0.29047834982193105,0.0009319027101667931,0.944,0.010282412168358165,0.944,0.010282412168358165,0.07410298151220816,0.074630459431454,1.0,1.8376426234322025,0,0,iid_p020_moderate_n050,iid,moderate,0.29090909090909095,0.0018227440000000005,0.00041599614871826017,0.010476000000000001,0.002453984296170557,0.013428265806977327,0.0029595753195305746,1.0,1.0,1.0,0.0,1.0
iid_p020_moderate_n050,ppi_tuned,same_population_iid,target_human_preference_rate_under_assumptions,0.2,0.2,500,50,500,50,500,50,0.000756764375507831,0.0024792813077450476,0.0553881192854939,0.0017328260562268355,0.2020723967324076,0.0009927618348140458,0.912,0.012669333052690657,0.912,0.012669333052690657,0.0515500280429459,0.055438415394625025,0.2888211004570018,0.8479113786850251,0,0,iid_p020_moderate_n050,iid,moderate,0.29090909090909095,-0.0006721562420158995,0.00012689069474334898,-0.004116336723382421,0.0008897082714230219,-0.005767420120188722,0.0010356629621338792,0.17139852370736058,0.2914070817666768,0.410222064827385,0.0,0.0
iid_p020_moderate_n200,raw_judge,same_population_iid,target_judge_positive_rate,0.2,0.5000000000000001,500,200,2000,200,2000,0,0.299294,0.0005113414398777715,0.29951188958036373,0.0005119957370161468,0.04382560058769509,6.908187744313249e-07,0.0,0.0,0.948,0.009929350431926557,0.01118020558882353,0.011433942192793187,,,500,0,iid_p020_moderate_n200,iid,moderate,0.29090909090909095,0.08885282199999998,0.0003111577898848815,0.275684,0.000917634127953822,0.27027920239632264,0.0010250619908151503,,,,,
iid_p020_moderate_n200,human_only,same_population_iid,audit_human_preference_rate,0.2,0.2,500,200,2000,200,2000,200,-0.00015000000000001145,0.0013086175758867979,0.029232687184041085,0.0008869671109015447,0.11065083789175847,0.00027558949496754446,0.934,0.01110351295761841,0.934,0.01110351295761841,0.02822777325618178,0.0292615785623387,0.0,1.0,0,0,iid_p020_moderate_n200,iid,moderate,0.29090909090909095,0.0,0.0,0.0,0.0,0.0,0.0,0.0,0.0,0.0,1.0,0.0
iid_p020_moderate_n200,ppi,same_population_iid,target_human_preference_rate_under_assumptions,0.2,0.2,500,200,2000,200,2000,200,0.0013639999999999763,0.0015579786915123112,0.03482932672332326,0.0011120631333635853,0.14508583794689195,0.0002275479492303822,0.96,0.008763560920082661,0.96,0.008763560920082661,0.03701237346484693,0.034837462617177024,1.0,1.7386350501764103,0,0,iid_p020_moderate_n200,iid,moderate,0.29090909090909095,0.00035853199999999984,8.572731705080626e-05,0.004016,0.0011434169373352708,0.005596639539282178,0.0013016074302611153,1.0,1.0,1.0,0.0,1.0
iid_p020_moderate_n200,ppi_tuned,same_population_iid,target_human_preference_rate_under_assumptions,0.2,0.2,500,200,2000,200,2000,200,0.00012474989813729276,0.0011937174865463758,0.02666592057182158,0.0008178309988665567,0.10200019319683608,0.00022788601503963136,0.946,0.010107818755794947,0.946,0.010107818755794947,0.026020935588970145,0.02669233445847887,0.2919936672643811,0.8511657716962943,0,0,iid_p020_moderate_n200,iid,moderate,0.29090909090909095,-0.00014347868005730268,2.565009425433731e-05,-0.0019355342752240359,0.00042750361322949656,-0.002566766612219506,0.0004404621567754726,0.23242064098511767,0.2927118442691009,0.35432536381021107,0.0,0.0
iid_p020_uninformative_n020,raw_judge,same_population_iid,target_judge_positive_rate,0.2,0.6,500,20,200,20,200,0,0.40030999999999994,0.0015465741440895528,0.40179802139881177,0.0015513177095912406,0.13575847708972014,9.327281080219535e-05,0.0,0.0,0.954,0.009368457717255283,0.03463290095138628,0.03458244918427795,,,500,0,iid_p020_uninformative_n020,iid,uninformative,0.0,0.15511165,0.0013069353545976153,0.33930999999999994,0.002758253746023906,0.32223672427514743,0.002921793782155783,,,,,
iid_p020_uninformative_n020,human_only,same_population_iid,audit_human_preference_rate,0.2,0.2,500,20,200,20,200,20,-0.01200000000000001,0.0035209080628687745,0.07956129712366435,0.0024783680746227102,0.3381051966977596,0.0028801342350426758,0.924,0.01185107590052481,0.924,0.01185107590052481,0.08625291060567701,0.07872989771101684,0.0,1.0,3,3,iid_p020_uninformative_n020,iid,uninformative,0.0,0.0,0.0,0.0,0.0,0.0,0.0,0.0,0.0,0.0,1.0,0.0
iid_p020_uninformative_n020,ppi,same_population_iid,target_human_preference_rate_under_assumptions,0.2,0.2,500,20,200,20,200,20,-0.007790000000000027,0.006459363634067541,0.14450138407641638,0.004324772753676305,0.5672743603848935,0.003177750306539888,0.936,0.01094568408095172,0.936,0.01094568408095172,0.14471550621834922,0.144435761771651,1.0,3.0175356002298317,3,0,iid_p020_uninformative_n020,iid,uninformative,0.0,0.014550650000000002,0.0011629673890315678,0.05385000000000001,0.0037934727983397333,0.06494008695275204,0.00411149471265199,1.0,1.0,1.0,0.0,1.0
iid_p020_uninformative_n020,ppi_tuned,same_population_iid,target_human_preference_rate_under_assumptions,0.2,0.2,500,20,200,20,200,20,-0.011712118681516408,0.0035835365725321593,0.08090240523606836,0.002514378474169394,0.3348391148265167,0.002879408025342711,0.924,0.01185107590052481,0.924,0.01185107590052481,0.08541971114461408,0.08013031376038515,0.06048504717430231,0.9807608657136792,3,3,iid_p020_uninformative_n020,iid,uninformative,0.0,0.00021519917298101952,7.610335713993736e-05,0.001682133454662488,0.0005240728340209413,0.0013411081124040103,0.00046925710530716305,0.0,0.0,0.19349222808678382,0.514,0.0
iid_p020_uninformative_n050,raw_judge,same_population_iid,target_judge_positive_rate,0.2,0.6,500,50,500,50,500,0,0.40034400000000003,0.0009936004285542792,0.4009587909000126,0.0009937777914339348,0.08586283751778723,3.6445732723073345e-05,0.0,0.0,0.948,0.009929350431926557,0.021904187575655047,0.022217581007202915,,,500,0,iid_p020_uninformative_n050,iid,uninformative,0.0,0.15747435199999996,0.0008219453887676633,0.355664,0.0018502835746482828,0.3435688963191719,0.0022139829259176275,,,,,
iid_p020_uninformative_n050,human_only,same_population_iid,audit_human_preference_rate,0.2,0.2,500,50,500,50,500,50,0.0016399999999999917,0.002568075314636096,0.05738989458084063,0.0020135627461124856,0.2210364634197828,0.0010899191215247238,0.932,0.01125841907196565,0.932,0.01125841907196565,0.05638788905390359,0.05742390974865473,0.0,1.0,0,0,iid_p020_uninformative_n050,iid,uninformative,0.0,0.0,0.0,0.0,0.0,0.0,0.0,0.0,0.0,0.0,1.0,0.0
iid_p020_uninformative_n050,ppi,same_population_iid,target_human_preference_rate_under_assumptions,0.2,0.2,500,50,500,50,500,50,0.000583999999999965,0.00403581435189553,0.09015515514933131,0.0031316846594026844,0.36054872218954376,0.001269042311802433,0.94,0.010620734437881408,0.94,0.010620734437881408,0.0919784049690469,0.09024355235407662,1.0,2.7443340283804227,0,0,iid_p020_uninformative_n050,iid,uninformative,0.0,0.004834352000000001,0.0004976472614874152,0.025768,0.0024111141189477486,0.03276526056849068,0.0028000771234882892,1.0,1.0,1.0,0.0,1.0
iid_p020_uninformative_n050,ppi_tuned,same_population_iid,target_human_preference_rate_under_assumptions,0.2,0.2,500,50,500,50,500,50,0.001479341613306943,0.002585433579646385,0.05777315451137889,0.0020622254288190024,0.21994694338331464,0.0010813943362602638,0.932,0.01125841907196565,0.932,0.01125841907196565,0.05610994516180605,0.05781205235399934,0.04275044416469815,0.9905010311379365,0,0,iid_p020_uninformative_n050,iid,uninformative,0.0,4.413738219565889e-05,3.192825693660765e-05,0.0003987073213780938,0.00023597198365116263,0.0003832599305382614,0.00027451937796694114,0.0,0.0,0.13399368720372712,0.528,0.0
iid_p020_uninformative_n200,raw_judge,same_population_iid,target_judge_positive_rate,0.2,0.6,500,200,2000,200,2000,0,0.40011299999999994,0.000482058318510209,0.4002578799973837,0.0004824119160162913,0.0429385564531761,8.71005396906284e-06,0.0,0.0,0.95,0.00974679434480897,0.010953914661664694,0.010779151693080725,,,500,0,iid_p020_uninformative_n200,iid,uninformative,0.0,0.15942947049999998,0.00038835275524131,0.37771299999999997,0.0008792989225459003,0.3723849540655767,0.0009426060619380361,,,,,
iid_p020_uninformative_n200,human_only,same_population_iid,audit_human_preference_rate,0.2,0.2,500,200,2000,200,2000,200,0.000819999999999989,0.001247223449372778,0.027872925931807017,0.0008150495431975991,0.11090240745782995,0.0002575428167711207,0.958,0.00897061870775924,0.958,0.00897061870775924,0.028291950345162967,0.027888764159292992,0.0,1.0,0,0,iid_p020_uninformative_n200,iid,uninformative,0.0,0.0,0.0,0.0,0.0,0.0,0.0,0.0,0.0,0.0,1.0,0.0
iid_p020_uninformative_n200,ppi,same_population_iid,target_human_preference_rate_under_assumptions,0.2,0.2,500,200,2000,200,2000,200,-0.0002870000000000078,0.0020554868801890363,0.045916995764095886,0.001349876360382885,0.1802572040843098,0.0003166856292959506,0.958,0.00897061870775924,0.958,0.00897061870775924,0.045984825615714285,0.045962083909616515,1.0,2.6559548574498306,0,0,iid_p020_uninformative_n200,iid,uninformative,0.0,0.0013314705,0.0001224209459632238,0.014603,0.0012940381956122497,0.01804406983228887,0.0014173670556381429,1.0,1.0,1.0,0.0,1.0
iid_p020_uninformative_n200,ppi_tuned,same_population_iid,target_human_preference_rate_under_assumptions,0.2,0.2,500,200,2000,200,2000,200,0.000832595510514324,0.0012497061363778454,0.027928733653838463,0.0008156088745143029,0.11077575705536548,0.0002587644997419078,0.958,0.00897061870775924,0.958,0.00897061870775924,0.028259640975331814,0.027944278728394854,0.020899970811069,0.997699856260582,0,0,iid_p020_uninformative_n200,iid,uninformative,0.0,3.1141635070493423e-06,3.3360949553271954e-06,7.91425224801579e-05,6.202811582212374e-05,5.5807722031446516e-05,5.97473869956328e-05,0.0,0.0,0.06429346915445927,0.504,0.0
iid_p020_anti_n020,raw_judge,same_population_iid,target_judge_positive_rate,0.2,0.6800000000000002,500,20,200,20,200,0,0.48039,0.0014381001578917423,0.48146292692168935,0.001437325706058956,0.12922511869865838,0.0001574402922395558,0.0,0.0,0.962,0.008550555537507495,0.03296619726637062,0.032156897114991166,,,500,0,iid_p020_anti_n020,iid,anti,0.0,0.22472155,0.001454341668271641,0.41589,0.002808895795714459,0.39729048487561347,0.0030302542683797967,,,,,
iid_p020_anti_n020,human_only,same_population_iid,audit_human_preference_rate,0.2,0.2,500,20,200,20,200,20,-0.0015000000000000115,0.003767477641015418,0.08417244204607587,0.0026706725504138796,0.3436267710111366,0.003120638978445736,0.926,0.011706750189527404,0.926,0.011706750189527404,0.08766150136472421,0.08424336109021024,0.0,1.0,6,6,iid_p020_anti_n020,iid,anti,0.0,0.0,0.0,0.0,0.0,0.0,0.0,0.0,0.0,0.0,1.0,0.0
iid_p020_anti_n020,ppi,same_population_iid,target_human_preference_rate_under_assumptions,0.2,0.2,500,20,200,20,200,20,0.0008899999999999896,0.0072458623256092414,0.16186275050177543,0.005049166523288933,0.6713372611732209,0.004222648072625724,0.942,0.010453324829928518,0.942,0.010453324829928518,0.1712626523927591,0.1620224071566698,1.0,3.9124534423404222,6,0,iid_p020_anti_n020,iid,anti,0.0,0.019114549999999998,0.0013785819782066904,0.06375,0.0034838555508226797,0.07769030845569956,0.0038425997306981833,1.0,1.0,1.0,0.0,1.0
iid_p020_anti_n020,ppi_tuned,same_population_iid,target_human_preference_rate_under_assumptions,0.2,0.2,500,20,200,20,200,20,-0.0015990972772844537,0.0037726794282276085,0.08429044451253027,0.002670531728722535,0.343585728768853,0.003122984981572928,0.926,0.011706750189527404,0.926,0.011706750189527404,0.0876510312125665,0.08435967658831972,0.001370251859511014,0.999666782169635,6,6,iid_p020_anti_n020,iid,anti,0.0,1.9879036119945082e-05,1.8399786959163973e-05,9.909727728444243e-05,9.17890042738349e-05,0.00011800246645440882,0.00010916236142974373,0.0,0.0,0.0,0.982,0.0
iid_p020_anti_n050,raw_judge,same_population_iid,target_judge_positive_rate,0.2,0.6800000000000002,500,50,500,50,500,0,0.479756,0.0009222048859680837,0.4801980841277899,0.0009210288753699841,0.0817819504979646,6.267745086886124e-05,0.0,0.0,0.952,0.009559916317625384,0.020863125838803717,0.020621128142070753,,,500,0,iid_p020_anti_n050,iid,anti,0.0,0.22725900000000002,0.0009106955020790502,0.434476,0.0018753144954683806,0.4224815353744211,0.002020543792733064,,,,,
iid_p020_anti_n050,human_only,same_population_iid,audit_human_preference_rate,0.2,0.2,500,50,500,50,500,50,0.001439999999999993,0.0025829432808298306,0.05771654875336882,0.0017874475129566,0.22081093119168155,0.0011351579531697156,0.936,0.01094568408095172,0.936,0.01094568408095172,0.056330354265029865,0.0577563675796183,0.0,1.0,0,0,iid_p020_anti_n050,iid,anti,0.0,0.0,0.0,0.0,0.0,0.0,0.0,0.0,0.0,0.0,1.0,0.0
iid_p020_anti_n050,ppi,same_population_iid,target_human_preference_rate_under_assumptions,0.2,0.2,500,50,500,50,500,50,0.0039159999999999915,0.005074985797980069,0.1134342100073871,0.0035103149865915897,0.4249887620046145,0.0016859807192985143,0.93,0.011410521460476728,0.93,0.011410521460476728,0.10841749270825167,0.11348013229129449,1.0,3.764869438506759,0,0,iid_p020_anti_n050,iid,anti,0.0,0.009536119999999999,0.0006661989078742967,0.045147999999999994,0.0023472569997436774,0.05571766125401828,0.0025731679480811495,1.0,1.0,1.0,0.0,1.0
iid_p020_anti_n050,ppi_tuned,same_population_iid,target_human_preference_rate_under_assumptions,0.2,0.2,500,50,500,50,500,50,0.001439999999999993,0.0025829432808298306,0.05771654875336882,0.0017874475129566,0.22081093119168155,0.0011351579531697156,0.936,0.01094568408095172,0.936,0.01094568408095172,0.056330354265029865,0.0577563675796183,0.0,1.0,0,0,iid_p020_anti_n050,iid,anti,0.0,0.0,0.0,0.0,0.0,0.0,0.0,0.0,0.0,0.0,1.0,0.0
iid_p020_anti_n200,raw_judge,same_population_iid,target_judge_positive_rate,0.2,0.6800000000000002,500,200,2000,200,2000,0,0.479922,0.0004722094827416979,0.4800379089197019,0.0004721051093981985,0.040888532204945205,1.599349153503394e-05,0.0,0.0,0.948,0.009929350431926557,0.010430939682430067,0.010558925030304504,,,500,0,iid_p020_anti_n200,iid,anti,0.0,0.22964609399999997,0.0004554901175719831,0.457442,0.0008886510413805257,0.45192563402064756,0.0009747844009590916,,,,,
iid_p020_anti_n200,human_only,same_population_iid,audit_human_preference_rate,0.2,0.2,500,200,2000,200,2000,200,-0.0006200000000000112,0.0012581721640494107,0.028112274899054327,0.0008559360162186644,0.11058733532879648,0.00026534812862319575,0.944,0.010282412168358165,0.944,0.010282412168358165,0.02821157332509558,0.028133584862124996,0.0,1.0,0,0,iid_p020_anti_n200,iid,anti,0.0,0.0,0.0,0.0,0.0,0.0,0.0,0.0,0.0,0.0,1.0,0.0
iid_p020_anti_n200,ppi,same_population_iid,target_human_preference_rate_under_assumptions,0.2,0.2,500,200,2000,200,2000,200,-0.0007980000000000074,0.0025039636698882513,0.05594000357525909,0.0017015244762882558,0.21275944656160897,0.00039521140468012363,0.946,0.010107818755794947,0.946,0.010107818755794947,0.05427636636178733,0.05599032979059974,1.0,3.7111896189319022,0,0,iid_p020_anti_n200,iid,anti,0.0,0.002338984,0.00016452190095021555,0.022784000000000006,0.0011780417023624459,0.027827728676204765,0.001342216536078652,1.0,1.0,1.0,0.0,1.0
iid_p020_anti_n200,ppi_tuned,same_population_iid,target_human_preference_rate_under_assumptions,0.2,0.2,500,200,2000,200,2000,200,-0.0006200000000000112,0.0012581721640494107,0.028112274899054327,0.0008559360162186644,0.11058733532879648,0.00026534812862319575,0.944,0.010282412168358165,0.944,0.010282412168358165,0.02821157332509558,0.028133584862124996,0.0,1.0,0,0,iid_p020_anti_n200,iid,anti,0.0,0.0,0.0,0.0,0.0,0.0,0.0,0.0,0.0,0.0,1.0,0.0
iid_p050_strong_n020,raw_judge,same_population_iid,target_judge_positive_rate,0.5,0.5249999999999999,500,20,200,20,200,0,0.025800000000000007,0.0015965644478291954,0.04401817806315932,0.0012574536332637092,0.13839696389545003,3.105623095983902e-05,0.87,0.015039946808416579,0.938,0.010784804124322337,0.035305996688487044,0.035700266358054976,,,500,0,iid_p050_strong_n020,iid,strong,0.7746639325586694,-0.0096524,0.000750871756873663,-0.048379999999999986,0.003136179593851375,-0.06363868423553484,0.0036162207805275183,,,,,
iid_p050_strong_n020,human_only,same_population_iid,audit_human_preference_rate,0.5,0.5,500,20,200,20,200,20,-0.0003999999999999928,0.004819349776113896,0.10765686229869417,0.0034892372584294394,0.43879454374158455,0.0007331706400779193,0.966,0.008104813384649892,0.966,0.008104813384649892,0.11193944052103506,0.10776393706739064,0.0,1.0,0,0,iid_p050_strong_n020,iid,strong,0.7746639325586694,0.0,0.0,0.0,0.0,0.0,0.0,0.0,0.0,0.0,1.0,0.0
iid_p050_strong_n020,ppi,same_population_iid,target_human_preference_rate_under_assumptions,0.5,0.5,500,20,200,20,200,20,0.003600000000000015,0.0030554789974417454,0.06834910387122863,0.002608160572878111,0.2632055950123619,0.003718673862486518,0.944,0.010282412168358165,0.944,0.010282412168358165,0.06714551825658381,0.0683225874210265,1.0,0.39684450272970734,0,0,iid_p050_strong_n020,iid,strong,0.7746639325586694,-0.0069184,0.0008209242023304855,-0.0319,0.0036326812061466362,-0.03930775842746555,0.004287029047784815,1.0,1.0,1.0,0.0,1.0
iid_p050_strong_n020,ppi_tuned,same_population_iid,target_human_preference_rate_under_assumptions,0.5,0.5,500,20,200,20,200,20,0.002626322464946086,0.0027962232359922206,0.06251808456803346,0.002388774153649332,0.24163983956227242,0.0031527706853314353,0.942,0.010453324829928518,0.942,0.010453324829928518,0.061643948936892866,0.06252545235943043,0.7762865772136981,0.32922400632606735,0,0,iid_p050_strong_n020,iid,strong,0.7746639325586694,-0.007681489101944219,0.0006890760058768067,-0.036145205316863924,0.0030272400384828706,-0.04513877773066072,0.003352505589456626,0.6390409522948818,0.7973667383062966,0.9107273614840126,0.0,0.0
iid_p050_strong_n050,raw_judge,same_population_iid,target_judge_positive_rate,0.5,0.5249999999999999,500,50,500,50,500,0,0.025336000000000015,0.0009918375327556254,0.03365709434874023,0.0009186766281197251,0.08754068880457845,1.0917060994834401e-05,0.788,0.018278730809331373,0.96,0.008763560920082661,0.02233221872827466,0.02217816145877253,,,500,0,iid_p050_strong_n050,iid,strong,0.7746639325586694,-0.004155999999999999,0.0003602164532978094,-0.029239999999999988,0.002168559452770525,-0.039067041947265374,0.0026023404466991125,,,,,
iid_p050_strong_n050,human_only,same_population_iid,audit_human_preference_rate,0.5,0.5,500,50,500,50,500,50,-0.002359999999999992,0.003253864790083369,0.0727241362960056,0.0024441564699604823,0.2769787375856636,0.0002070451903312496,0.926,0.011706750189527404,0.926,0.011706750189527404,0.07065913959910398,0.07275862860219497,0.0,1.0,0,0,iid_p050_strong_n050,iid,strong,0.7746639325586694,0.0,0.0,0.0,0.0,0.0,0.0,0.0,0.0,0.0,1.0,0.0
iid_p050_strong_n050,ppi,same_population_iid,target_human_preference_rate_under_assumptions,0.5,0.5,500,50,500,50,500,50,-0.0005039999999999822,0.0019269557038419797,0.04304788031947683,0.0014111602271577389,0.17121306940898376,0.0014775864017144435,0.952,0.009559916317625384,0.952,0.009559916317625384,0.043677606006919154,0.04308803943421619,1.0,0.39645981690337956,0,0,iid_p050_strong_n050,iid,strong,0.7746639325586694,-0.0034356799999999996,0.00037460320922801484,-0.023072000000000002,0.00232722099231985,-0.029676255976528773,0.002810763130967931,1.0,1.0,1.0,0.0,1.0
iid_p050_strong_n050,ppi_tuned,same_population_iid,target_human_preference_rate_under_assumptions,0.5,0.5,500,50,500,50,500,50,-0.0008934075622908178,0.0018312337978403364,0.04091641933290811,0.0013635719814125622,0.15804364678457905,0.0012458760421130153,0.96,0.008763560920082661,0.96,0.008763560920082661,0.04031799768546952,0.040947632546661,0.7748105222402486,0.33567168759213595,0,0,iid_p050_strong_n050,iid,strong,0.7746639325586694,-0.003614646628973623,0.00033021926068312426,-0.024415377593336493,0.0019334876615021536,-0.03180771696309749,0.0023088437333642175,0.685117716373928,0.7804018552714191,0.8725235422760391,0.0,0.0
iid_p050_strong_n200,raw_judge,same_population_iid,target_judge_positive_rate,0.5,0.5249999999999999,500,200,2000,200,2000,0,0.025659999999999992,0.000490959144698953,0.027905465414502586,0.000470492459589476,0.04376873088093132,2.3072762142708073e-06,0.38,0.021707141681944216,0.958,0.00897061870775924,0.011165697743982413,0.010978180217220147,,,500,0,iid_p050_strong_n200,iid,strong,0.7746639325586694,-0.0004690850000000005,8.134287744154948e-05,-0.0025280000000000155,0.0010882633257315367,-0.007418747244805197,0.0011880229240174996,,,,,
iid_p050_strong_n200,human_only,same_population_iid,audit_human_preference_rate,0.5,0.5,500,200,2000,200,2000,200,0.001940000000000007,0.0015789423415171536,0.03532421265930778,0.0010853835327252772,0.13859016713120992,2.1448151109752297e-05,0.934,0.01110351295761841,0.934,0.01110351295761841,0.03535528413389007,0.03530622408185044,0.0,1.0,0,0,iid_p050_strong_n200,iid,strong,0.7746639325586694,0.0,0.0,0.0,0.0,0.0,0.0,0.0,0.0,0.0,1.0,0.0
iid_p050_strong_n200,ppi,same_population_iid,target_human_preference_rate_under_assumptions,0.5,0.5,500,200,2000,200,2000,200,0.001189999999999987,0.0009930509051405175,0.02221497242852217,0.000674234728808084,0.08693147873241451,0.0003751369102407786,0.948,0.009929350431926557,0.948,0.009929350431926557,0.022176805139818612,0.022205293290118923,1.0,0.39710820584358053,0,0,iid_p050_strong_n200,iid,strong,0.7746639325586694,-0.0007542950000000004,7.968711298196716e-05,-0.010526000000000011,0.0010640211134464012,-0.013109240230785614,0.001223328556688186,1.0,1.0,1.0,0.0,1.0
iid_p050_strong_n200,ppi_tuned,same_population_iid,target_human_preference_rate_under_assumptions,0.5,0.5,500,200,2000,200,2000,200,0.0013082342972830616,0.0009267228189790885,0.020742715670848053,0.0006338058492797551,0.08052222482683061,0.0003135790247334404,0.942,0.010453324829928518,0.942,0.010453324829928518,0.020541761344080717,0.02072215219537474,0.7747818496368257,0.3401247589793139,0,0,iid_p050_strong_n200,iid,strong,0.7746639325586694,-0.000817539746598355,7.074926973515825e-05,-0.011751415817726017,0.0009066264542624267,-0.01458149698845973,0.0010225058422625212,0.7287709410957155,0.7758178917333758,0.8183863569294618,0.0,0.0
iid_p050_moderate_n020,raw_judge,same_population_iid,target_judge_positive_rate,0.5,0.65,500,20,200,20,200,0,0.14897,0.0014446980670749236,0.1524255556001027,0.0014114497147259307,0.13229457727738958,0.00012640836640936525,0.012,0.004869496893930624,0.958,0.00897061870775924,0.03374923680254136,0.0323044308494208,,,500,0,iid_p050_moderate_n020,iid,moderate,0.4995004995004996,0.011503550000000003,0.0008411505577580229,0.06377000000000001,0.0034075058903522922,0.04412043106760424,0.003596348128981537,,,,,
iid_p050_moderate_n020,human_only,same_population_iid,audit_human_preference_rate,0.5,0.5,500,20,200,20,200,20,0.002400000000000006,0.004847212698230166,0.10830512453249846,0.003235719143510015,0.43871244159099476,0.0006745522095384025,0.968,0.007870959280799264,0.968,0.007870959280799264,0.11191849570999836,0.10838697094642825,0.0,1.0,0,0,iid_p050_moderate_n020,iid,moderate,0.4995004995004996,0.0,0.0,0.0,0.0,0.0,0.0,0.0,0.0,0.0,1.0,0.0
iid_p050_moderate_n020,ppi,same_population_iid,target_human_preference_rate_under_assumptions,0.5,0.5,500,20,200,20,200,20,0.005270000000000002,0.004868156951476443,0.10887400975439455,0.0032875900593146126,0.4304853623738019,0.0036762866516080435,0.942,0.010453324829928518,0.942,0.010453324829928518,0.10981971244609988,0.10885529868639472,1.0,1.0010689297622184,0,0,iid_p050_moderate_n020,iid,moderate,0.4995004995004996,0.00012354999999999994,0.0008760489208477098,0.0015499999999999982,0.0036866621700274924,0.0005688852218960899,0.00403351982239214,1.0,1.0,1.0,0.0,1.0
iid_p050_moderate_n020,ppi_tuned,same_population_iid,target_human_preference_rate_under_assumptions,0.5,0.5,500,20,200,20,200,20,0.003985569657832457,0.004301060912251596,0.09616105306191172,0.0028313803355325836,0.3671773571997843,0.0022967530588353124,0.932,0.01125841907196565,0.932,0.01125841907196565,0.09366941436068017,0.09617464575161827,0.5006335346216031,0.7140201062581698,0,0,iid_p050_moderate_n020,iid,moderate,0.4995004995004996,-0.002483051874024197,0.0004452129748103197,-0.007447101619561049,0.002102347170618582,-0.012144071470586743,0.0020819952391159476,0.23991259599373416,0.5047535177612942,0.7252833890693163,0.006,0.0
iid_p050_moderate_n050,raw_judge,same_population_iid,target_judge_positive_rate,0.5,0.65,500,50,500,50,500,0,0.14923200000000003,0.000889973290000227,0.15055040351988436,0.0008835783437466161,0.08366104035505685,4.908723135919382e-05,0.0,0.0,0.966,0.008104813384649892,0.021342494304733263,0.01990040774599642,,,500,0,iid_p050_moderate_n050,iid,moderate,0.4995004995004996,0.017831824000000003,0.00039953849071795125,0.09427200000000002,0.002079296751780257,0.08102630697775012,0.002336523771911585,,,,,
iid_p050_moderate_n050,human_only,same_population_iid,audit_human_preference_rate,0.5,0.5,500,50,500,50,500,50,0.00032000000000000827,0.003112293035026063,0.06952409654213423,0.0021794492206650257,0.2772475332027976,0.0001743172717996883,0.932,0.01125841907196565,0.932,0.01125841907196565,0.07072771116961604,0.06959298792217412,0.0,1.0,0,0,iid_p050_moderate_n050,iid,moderate,0.4995004995004996,0.0,0.0,0.0,0.0,0.0,0.0,0.0,0.0,0.0,1.0,0.0
iid_p050_moderate_n050,ppi,same_population_iid,target_human_preference_rate_under_assumptions,0.5,0.5,500,50,500,50,500,50,-0.002687999999999979,0.0030238990132749094,0.067602248483316,0.0018806454037737657,0.2738150233435822,0.0013525114247251993,0.954,0.009368457717255283,0.954,0.009368457717255283,0.06985205480901695,0.06761643750777237,1.0,0.9874880776763384,0,0,iid_p050_moderate_n050,iid,moderate,0.4995004995004996,-0.00026353599999999933,0.0003435643801210829,0.0003920000000000021,0.0023261820474407566,-0.0019218480588182318,0.002498256922853618,1.0,1.0,1.0,0.0,1.0
iid_p050_moderate_n050,ppi_tuned,same_population_iid,target_human_preference_rate_under_assumptions,0.5,0.5,500,50,500,50,500,50,-0.0006593564704063594,0.0026977466176565596,0.060266701591182956,0.0017840596929459968,0.23657751173890446,0.0008428110897242457,0.942,0.010453324829928518,0.942,0.010453324829928518,0.060352515047469656,0.06032344823150203,0.505743373765993,0.7326724931063927,0,0,iid_p050_moderate_n050,iid,moderate,0.4995004995004996,-0.0012015246793193066,0.00019291018801622249,-0.005726485175588178,0.0013390741753065327,-0.009257394950951278,0.0013836942254288704,0.3680993023317759,0.5099176044519156,0.6370517508886439,0.0,0.0
iid_p050_moderate_n200,raw_judge,same_population_iid,target_judge_positive_rate,0.5,0.65,500,200,2000,200,2000,0,0.15015199999999998,0.00048109531009436155,0.15053610198221556,0.0004804020737853732,0.04180204848176398,1.3309906205522173e-05,0.0,0.0,0.95,0.00974679434480897,0.010663983831206387,0.010757618170273332,,,500,0,iid_p050_moderate_n200,iid,moderate,0.4995004995004996,0.021370368,0.00016409277420485188,0.12204199999999998,0.0010978921652024052,0.11460909264383617,0.0012429066050637324,,,,,
iid_p050_moderate_n200,human_only,same_population_iid,audit_human_preference_rate,0.5,0.5,500,200,2000,200,2000,200,0.0009100000000000044,0.0016077978192718485,0.0359270093383794,0.0011667177797839972,0.13857803874543745,2.346529403585214e-05,0.93,0.011410521460476728,0.93,0.011410521460476728,0.03535219010107413,0.03595145217967775,0.0,1.0,0,0,iid_p050_moderate_n200,iid,moderate,0.4995004995004996,0.0,0.0,0.0,0.0,0.0,0.0,0.0,0.0,0.0,1.0,0.0
iid_p050_moderate_n200,ppi,same_population_iid,target_human_preference_rate_under_assumptions,0.5,0.5,500,200,2000,200,2000,200,1.1999999999991018e-05,0.0016920229298654267,0.03779693109235193,0.0011890109003379686,0.1383764716394436,0.0003261464052592538,0.95,0.00974679434480897,0.95,0.00974679434480897,0.035300768976098434,0.037834782906674524,1.0,0.9998208836541196,0,0,iid_p050_moderate_n200,iid,moderate,0.4995004995004996,0.00013785800000000017,0.00010848159390469983,0.0021779999999999963,0.001274880100456934,0.0018699217539725338,0.001469809671217118,1.0,1.0,1.0,0.0,1.0
iid_p050_moderate_n200,ppi_tuned,same_population_iid,target_human_preference_rate_under_assumptions,0.5,0.5,500,200,2000,200,2000,200,0.0005697352250355276,0.001453609361561144,0.03247617135777748,0.000985562653713847,0.1197084037729113,0.00019492409234608457,0.936,0.01094568408095172,0.936,0.01094568408095172,0.030538419255954675,0.032503693451807876,0.49995334447655365,0.7471634208422576,0,0,iid_p050_moderate_n200,iid,moderate,0.4995004995004996,-0.00023604829394027404,5.533752628526186e-05,-0.001616297692392846,0.0006968477754750045,-0.0034508379806019174,0.0007776840834750671,0.43298099853619704,0.5027658374794457,0.5659183382314633,0.0,0.0
iid_p050_uninformative_n020,raw_judge,same_population_iid,target_judge_positive_rate,0.5,0.6,500,20,200,20,200,0,0.10022999999999999,0.0015108804451176398,0.10575986951580452,0.0014474300700164791,0.1357804081572238,8.760617939887785e-05,0.168,0.016719808611344807,0.954,0.009368457717255283,0.03463849571426883,0.03378431381158183,,,500,0,iid_p050_uninformative_n020,iid,uninformative,0.0,-0.0015298500000000008,0.0008021394085297347,0.01052999999999999,0.0033353842020899327,-0.007000939278740764,0.003585239724879994,,,,,
iid_p050_uninformative_n020,human_only,same_population_iid,audit_human_preference_rate,0.5,0.5,500,20,200,20,200,20,0.002300000000000005,0.005046816890025126,0.11276080879454528,0.00339845493776337,0.4377427808738452,0.0007495118924590565,0.962,0.008550555537507495,0.962,0.008550555537507495,0.11167112873672792,0.11285025636090262,0.0,1.0,0,0,iid_p050_uninformative_n020,iid,uninformative,0.0,0.0,0.0,0.0,0.0,0.0,0.0,0.0,0.0,0.0,1.0,0.0
iid_p050_uninformative_n020,ppi,same_population_iid,target_human_preference_rate_under_assumptions,0.5,0.5,500,20,200,20,200,20,0.003229999999999985,0.007333962654420383,0.16386015378974841,0.005361101703359592,0.625241317063321,0.0030809432141089225,0.936,0.01094568408095172,0.936,0.01094568408095172,0.15950326689550023,0.16399239039728775,1.0,2.071199204740943,0,0,iid_p050_uninformative_n020,iid,uninformative,0.0,0.01413515,0.0014843800371347926,0.03875,0.004025865146817602,0.05109934499520313,0.004515481472455639,1.0,1.0,1.0,0.0,1.0
iid_p050_uninformative_n020,ppi_tuned,same_population_iid,target_human_preference_rate_under_assumptions,0.5,0.5,500,20,200,20,200,20,0.001890153460093151,0.0051016456864647515,0.11397780593828205,0.003459669113637138,0.43290839023237765,0.0008906585593021878,0.956,0.009172131704244116,0.956,0.009172131704244116,0.11043784315607422,0.11407626552053764,0.08056676970356605,0.9786863347589114,0,0,iid_p050_uninformative_n020,iid,uninformative,0.0,0.00027594024650468165,0.00018083773742064738,0.001247637133313006,0.0006695372757200769,0.00121699714373677,0.0007938885296264304,0.0,0.0,0.2659240658699085,0.512,0.0
iid_p050_uninformative_n050,raw_judge,same_population_iid,target_judge_positive_rate,0.5,0.6,500,50,500,50,500,0,0.10019599999999998,0.0010051107716697965,0.10268082586344929,0.0009860201555631097,0.08586611017861466,3.6402451639980516e-05,0.004,0.002822764602300376,0.952,0.009559916317625384,0.021905022453452102,0.022474960103709352,,,500,0,iid_p050_uninformative_n050,iid,uninformative,0.0,0.005616151999999996,0.000335707734542795,0.04303599999999997,0.002084495058112297,0.03248680902440523,0.002153056055180789,,,,,
iid_p050_uninformative_n050,human_only,same_population_iid,audit_human_preference_rate,0.5,0.5,500,50,500,50,500,50,-0.004679999999999994,0.003135323860691722,0.07019401683904405,0.0019283940096869682,0.27720031099768494,0.00015503078536376508,0.948,0.009929350431926557,0.948,0.009929350431926557,0.07071566446735898,0.07010797283983772,0.0,1.0,0,0,iid_p050_uninformative_n050,iid,uninformative,0.0,0.0,0.0,0.0,0.0,0.0,0.0,0.0,0.0,0.0,1.0,0.0
iid_p050_uninformative_n050,ppi,same_population_iid,target_human_preference_rate_under_assumptions,0.5,0.5,500,50,500,50,500,50,-0.006124000000000015,0.004331681449085644,0.09695603127191212,0.0028515178861928045,0.3964282512932225,0.0012384497311355488,0.95,0.00974679434480897,0.95,0.00974679434480897,0.1011315142574552,0.09685934177030295,1.0,2.0552156446743792,0,0,iid_p050_uninformative_n050,iid,uninformative,0.0,0.0044732719999999995,0.0005125831186207968,0.021660000000000002,0.0025031748978324056,0.02676201443286806,0.0027527901589947993,1.0,1.0,1.0,0.0,1.0
iid_p050_uninformative_n050,ppi_tuned,same_population_iid,target_human_preference_rate_under_assumptions,0.5,0.5,500,50,500,50,500,50,-0.004535075754674022,0.003135719281965878,0.07019331794645157,0.0019289067923095407,0.27588202660981254,0.00020245237284796834,0.95,0.00974679434480897,0.95,0.00974679434480897,0.07037936124998591,0.07011681472832534,0.05247397652761415,0.9906306376437649,0,0,iid_p050_uninformative_n050,iid,uninformative,0.0,-9.811566835874093e-08,4.002083998685931e-05,9.517212041021162e-05,0.00025928467672254696,-6.988925924794609e-07,0.00028507446777086476,0.0,0.0,0.16999164846090867,0.506,0.0
iid_p050_uninformative_n200,raw_judge,same_population_iid,target_judge_positive_rate,0.5,0.6,500,200,2000,200,2000,0,0.100159,0.0004817287235843975,0.1007354182996229,0.00047919359110832585,0.04293775240410316,8.646878717190714e-06,0.0,0.0,0.944,0.010282412168358165,0.010953709543336174,0.01077178172648919,,,500,0,iid_p050_uninformative_n200,iid,uninformative,0.0,0.008951724500000001,0.00011828819540763612,0.07247899999999999,0.0010408192578228509,0.06615363118559422,0.0011410982830110962,,,,,
iid_p050_uninformative_n200,human_only,same_population_iid,audit_human_preference_rate,0.5,0.5,500,200,2000,200,2000,200,0.0003200000000000074,0.001548027123777844,0.034581787114028685,0.0010595392836020268,0.13860469582634755,2.0501895222646605e-05,0.954,0.009368457717255283,0.954,0.009368457717255283,0.03535899050177546,0.03461493879780741,0.0,1.0,0,0,iid_p050_uninformative_n200,iid,uninformative,0.0,0.0,0.0,0.0,0.0,0.0,0.0,0.0,0.0,0.0,1.0,0.0
iid_p050_uninformative_n200,ppi,same_population_iid,target_human_preference_rate_under_assumptions,0.5,0.5,500,200,2000,200,2000,200,0.0013590000000000076,0.0021519845056657007,0.04809089830726808,0.0015937590383306014,0.19850973647853432,0.00030669484312555455,0.956,0.009172131704244116,0.956,0.009172131704244116,0.05064116944095753,0.048119836411947885,1.0,2.053718188397715,0,0,iid_p050_uninformative_n200,iid,uninformative,0.0,0.0011168344999999992,0.00013774686334793213,0.010216999999999992,0.001283264726670781,0.013509111193239394,0.0014749176171136474,1.0,1.0,1.0,0.0,1.0
iid_p050_uninformative_n200,ppi_tuned,same_population_iid,target_human_preference_rate_under_assumptions,0.5,0.5,500,200,2000,200,2000,200,0.0003506885612435479,0.0015516969565480174,0.03466405835302924,0.0010650698940036446,0.13843384820947707,2.6717992035930625e-05,0.956,0.009172131704244116,0.956,0.009172131704244116,0.03531540612517005,0.034696998753209043,0.026577565595097583,0.9975455108769952,0,0,iid_p050_uninformative_n200,iid,uninformative,0.0,5.696941502215938e-06,4.854260676591407e-06,3.828040829748813e-05,7.217378952798853e-05,8.227123900055727e-05,6.985685778524704e-05,0.0,0.0,0.0879483395788186,0.508,0.0
iid_p050_anti_n020,raw_judge,same_population_iid,target_judge_positive_rate,0.5,0.5,500,20,200,20,200,0,-0.00010999999999999355,0.0015521901909165499,0.034673476895171626,0.0010817737729379164,0.13860289116728144,2.098247463687114e-05,0.95,0.00974679434480897,0.95,0.00974679434480897,0.03535853012110512,0.034708027808977825,,,500,0,iid_p050_anti_n020,iid,anti,0.0,-0.01050775,0.0007576874506819032,-0.05604999999999999,0.003162799646390269,-0.07353927651217866,0.003619863933502952,,,,,
iid_p050_anti_n020,human_only,same_population_iid,audit_human_preference_rate,0.5,0.5,500,20,200,20,200,20,0.0054000000000000055,0.004838232837926258,0.10821275340735029,0.0034974301148130624,0.43867789416144526,0.0007403913081198394,0.966,0.008104813384649892,0.966,0.008104813384649892,0.11190968242826921,0.10818617516574837,0.0,1.0,0,0,iid_p050_anti_n020,iid,anti,0.0,0.0,0.0,0.0,0.0,0.0,0.0,0.0,0.0,0.0,1.0,0.0
iid_p050_anti_n020,ppi,same_population_iid,target_human_preference_rate_under_assumptions,0.5,0.5,500,20,200,20,200,20,0.008890000000000014,0.008679233490808732,0.19408310075841226,0.006253304835444701,0.800697475896175,0.002247975133706073,0.946,0.010107818755794947,0.946,0.010107818755794947,0.20426331356391605,0.19407356078041124,1.0,3.345668920938089,0,0,iid_p050_anti_n020,iid,anti,0.0,0.02595825,0.0018889085147590545,0.07078999999999999,0.0036828220370135486,0.08587034735106197,0.004105253187139291,1.0,1.0,1.0,0.0,1.0
iid_p050_anti_n020,ppi_tuned,same_population_iid,target_human_preference_rate_under_assumptions,0.5,0.5,500,20,200,20,200,20,0.0054000000000000055,0.004838232837926258,0.10821275340735029,0.0034974301148130624,0.43867789416144526,0.0007403913081198394,0.966,0.008104813384649892,0.966,0.008104813384649892,0.11190968242826921,0.10818617516574837,0.0,1.0,0,0,iid_p050_anti_n020,iid,anti,0.0,0.0,0.0,0.0,0.0,0.0,0.0,0.0,0.0,0.0,1.0,0.0
iid_p050_anti_n050,raw_judge,same_population_iid,target_judge_positive_rate,0.5,0.5,500,50,500,50,500,0,0.001712000000000004,0.0010044680303763268,0.02250333308645634,0.0007179409583465554,0.08765103782657664,5.685911811885056e-06,0.932,0.01125841907196565,0.932,0.01125841907196565,0.022360369506265635,0.022460587971467903,,,500,0,iid_p050_anti_n050,iid,anti,0.0,-0.00456,0.000288143985828506,-0.03999199999999999,0.0019155726844520507,-0.048675315397481586,0.0021211912564715707,,,,,
iid_p050_anti_n050,human_only,same_population_iid,audit_human_preference_rate,0.5,0.5,500,50,500,50,500,50,-0.003799999999999991,0.003181849829371799,0.07117864848393793,0.0020183683309784634,0.2771187637925141,0.00016475458910397323,0.928,0.0115599307956406,0.928,0.0115599307956406,0.07069486122663261,0.0711483251267145,0.0,1.0,0,0,iid_p050_anti_n050,iid,anti,0.0,0.0,0.0,0.0,0.0,0.0,0.0,0.0,0.0,0.0,1.0,0.0
iid_p050_anti_n050,ppi,same_population_iid,target_human_preference_rate_under_assumptions,0.5,0.5,500,50,500,50,500,50,-0.006967999999999994,0.0057752021498596465,0.12919628477630463,0.003900543597271625,0.5024411506922039,0.0007952017489307058,0.946,0.010107818755794947,0.946,0.010107818755794947,0.12817611819793512,0.12913744590889098,1.0,3.291619552291928,0,0,iid_p050_anti_n050,iid,anti,0.0,0.01162528,0.000805591901649468,0.044927999999999996,0.0024497330499530074,0.0580176362923667,0.002659176102938959,1.0,1.0,1.0,0.0,1.0
iid_p050_anti_n050,ppi_tuned,same_population_iid,target_human_preference_rate_under_assumptions,0.5,0.5,500,50,500,50,500,50,-0.003799999999999991,0.003181849829371799,0.07117864848393793,0.0020183683309784634,0.2771187637925141,0.00016475458910397323,0.928,0.0115599307956406,0.928,0.0115599307956406,0.07069486122663261,0.0711483251267145,0.0,1.0,0,0,iid_p050_anti_n050,iid,anti,0.0,0.0,0.0,0.0,0.0,0.0,0.0,0.0,0.0,0.0,1.0,0.0
iid_p050_anti_n200,raw_judge,same_population_iid,target_judge_positive_rate,0.5,0.5,500,200,2000,200,2000,0,0.0008499999999999844,0.0004856012945148198,0.010880762840904121,0.00035875401601194543,0.04382670393686514,6.850552179511883e-07,0.95,0.00974679434480897,0.95,0.00974679434480897,0.011180487060620657,0.01085837504497033,,,500,0,iid_p050_anti_n200,iid,anti,0.0,-0.0011725590000000005,8.640193905626981e-05,-0.01965200000000002,0.001029475318238239,-0.02504902981087722,0.0012479836414676733,,,,,
iid_p050_anti_n200,human_only,same_population_iid,audit_human_preference_rate,0.5,0.5,500,200,2000,200,2000,200,0.00035000000000000466,0.0016083621039164752,0.03592979265178134,0.001198384583587763,0.13857792566118277,2.413465553083074e-05,0.93,0.011410521460476728,0.93,0.011410521460476728,0.03535216125251988,0.03596406996791819,0.0,1.0,0,0,iid_p050_anti_n200,iid,anti,0.0,0.0,0.0,0.0,0.0,0.0,0.0,0.0,0.0,0.0,1.0,0.0
iid_p050_anti_n200,ppi,same_population_iid,target_human_preference_rate_under_assumptions,0.5,0.5,500,200,2000,200,2000,200,0.0028699999999999863,0.0028773192614418943,0.06433848770370655,0.0020752551234006454,0.2517943866812171,0.00019363547103077526,0.944,0.010282412168358165,0.944,0.010282412168358165,0.06423444223142338,0.06433881461553566,1.0,3.30243548651711,0,0,iid_p050_anti_n200,iid,anti,0.0,0.002848490999999999,0.00020423711588334447,0.022721999999999996,0.0011846984649714928,0.028408695051925212,0.0013191133041416088,1.0,1.0,1.0,0.0,1.0
iid_p050_anti_n200,ppi_tuned,same_population_iid,target_human_preference_rate_under_assumptions,0.5,0.5,500,200,2000,200,2000,200,0.00035000000000000466,0.0016083621039164752,0.03592979265178134,0.001198384583587763,0.13857792566118277,2.413465553083074e-05,0.93,0.011410521460476728,0.93,0.011410521460476728,0.03535216125251988,0.03596406996791819,0.0,1.0,0,0,iid_p050_anti_n200,iid,anti,0.0,0.0,0.0,0.0,0.0,0.0,0.0,0.0,0.0,0.0,1.0,0.0
iid_p080_strong_n020,raw_judge,same_population_iid,target_judge_positive_rate,0.8,0.78,500,20,200,20,200,0,-0.019530000000000033,0.0013559259826926699,0.036039561595557754,0.0011211199707005452,0.11456813878497096,0.0002575485776036774,0.886,0.014212951839783317,0.944,0.010282412168358165,0.02922710307145178,0.03031942669759013,,,500,0,iid_p080_strong_n020,iid,strong,0.7204916295825387,-0.007096149999999999,0.0005354229901786285,-0.04342999999999999,0.0027717748233474318,-0.05558467100695849,0.0031246827834406593,,,,,
iid_p080_strong_n020,human_only,same_population_iid,audit_human_preference_rate,0.8,0.8,500,20,200,20,200,20,-0.005100000000000045,0.004095305000374475,0.09162423260251625,0.0028699014256770737,0.3458597489105316,0.0033087534739717917,0.912,0.012669333052690657,0.912,0.012669333052690657,0.08823114905136757,0.09157380369432129,0.0,1.0,7,7,iid_p080_strong_n020,iid,strong,0.7204916295825387,0.0,0.0,0.0,0.0,0.0,0.0,0.0,0.0,0.0,1.0,0.0
iid_p080_strong_n020,ppi,same_population_iid,target_human_preference_rate_under_assumptions,0.8,0.8,500,20,200,20,200,20,0.0028699999999999733,0.0026861975941896124,0.06007370473010634,0.0019351332443033702,0.22332459398490648,0.003798275959396709,0.94,0.010620734437881408,0.94,0.010620734437881408,0.05697160655666694,0.06006520421604368,1.0,0.5308203771596078,7,0,iid_p080_strong_n020,iid,strong,0.7204916295825387,-0.004786149999999999,0.0005617267331188723,-0.023989999999999984,0.002953999327022282,-0.0315505278724099,0.0033608655307776174,1.0,1.0,1.0,0.0,1.0
iid_p080_strong_n020,ppi_tuned,same_population_iid,target_human_preference_rate_under_assumptions,0.8,0.8,500,20,200,20,200,20,0.006269072793428174,0.0027087535307440008,0.060832859320913306,0.002300978955475975,0.19148684740630423,0.0031648654765163726,0.882,0.014427473791346842,0.882,0.014427473791346842,0.04884958318538709,0.06056957029036152,0.7111814475648129,0.3590957802348956,7,7,iid_p080_strong_n020,iid,strong,0.7204916295825387,-0.004694363226841972,0.00046099116152106405,-0.024735420277729247,0.0024137703097112263,-0.03079137328160294,0.002672486562302213,0.4273312821579568,0.7532457700897083,0.91784670947077,0.024,0.0
iid_p080_strong_n050,raw_judge,same_population_iid,target_judge_positive_rate,0.8,0.78,500,50,500,50,500,0,-0.020588000000000023,0.0008342544413701928,0.027769767733994484,0.0007611026967098617,0.07265460199243878,9.875335157275689e-05,0.808,0.017614539448989292,0.942,0.010453324829928518,0.01853467782202352,0.01865449641434864,,,500,0,iid_p080_strong_n050,iid,strong,0.7204916295825387,-0.002355239999999998,0.00019461734107652226,-0.02196399999999997,0.0016789768713920215,-0.028144452282026472,0.0018759044793177932,,,,,
iid_p080_strong_n050,human_only,same_population_iid,audit_human_preference_rate,0.8,0.8,500,50,500,50,500,50,0.0035199999999999533,0.0024980993175614135,0.055914220016020956,0.0016830446460531882,0.21890528772903534,0.0011073892471342125,0.94,0.010620734437881408,0.94,0.010620734437881408,0.055844211795658565,0.05585919888613155,0.0,1.0,0,0,iid_p080_strong_n050,iid,strong,0.7204916295825387,0.0,0.0,0.0,0.0,0.0,0.0,0.0,0.0,0.0,1.0,0.0
iid_p080_strong_n050,ppi,same_population_iid,target_human_preference_rate_under_assumptions,0.8,0.8,500,50,500,50,500,50,-0.00038800000000001165,0.0017812030430473455,0.039790953745795055,0.0013852534882318665,0.14900328375575642,0.0015686144656643602,0.93,0.011410521460476728,0.93,0.011410521460476728,0.0380117402490748,0.03982891085983349,1.0,0.505226576422293,0,0,iid_p080_strong_n050,iid,strong,0.7204916295825387,-0.001543079999999998,0.0002127136782367745,-0.01350799999999997,0.0017960399190389855,-0.0161232662702259,0.0021189081377838807,1.0,1.0,1.0,0.0,1.0
iid_p080_strong_n050,ppi_tuned,same_population_iid,target_human_preference_rate_under_assumptions,0.8,0.8,500,50,500,50,500,50,0.0013486633306736462,0.001637974851881962,0.03661443347729108,0.001169362973017537,0.13171387206864732,0.001244633644566132,0.928,0.0115599307956406,0.928,0.0115599307956406,0.03360109499653808,0.036626231142432165,0.7165103943516182,0.3826520731298984,0,0,iid_p080_strong_n050,iid,strong,0.7204916295825387,-0.0017857832611370252,0.00017176553655075144,-0.015704522627875125,0.0014245484030602454,-0.019299786538729873,0.0016067528657751214,0.5625563415335293,0.7246829330634046,0.8616180188291348,0.0,0.0
iid_p080_strong_n200,raw_judge,same_population_iid,target_judge_positive_rate,0.8,0.78,500,200,2000,200,2000,0,-0.020662000000000045,0.00043632587883953266,0.022845524725862657,0.00042522369736365664,0.036343277377096965,2.573207868785861e-05,0.4,0.021908902300206645,0.938,0.010784804124322337,0.009271414593270105,0.00975654325427532,,,500,0,iid_p080_strong_n200,iid,strong,0.7204916295825387,-0.00026253199999999696,5.210577625167465e-05,-0.001565999999999938,0.0008728889725025935,-0.0051625098356698415,0.0009617282909466728,,,,,
iid_p080_strong_n200,human_only,same_population_iid,audit_human_preference_rate,0.8,0.8,500,200,2000,200,2000,200,0.0017899999999999644,0.001251248594841242,0.0280080345615325,0.0008652904985200808,0.11034284329319294,0.0002663366712312046,0.938,0.010784804124322337,0.938,0.010784804124322337,0.028149201761757663,0.0279787691481611,0.0,1.0,0,0,iid_p080_strong_n200,iid,strong,0.7204916295825387,0.0,0.0,0.0,0.0,0.0,0.0,0.0,0.0,0.0,1.0,0.0
iid_p080_strong_n200,ppi,same_population_iid,target_human_preference_rate_under_assumptions,0.8,0.8,500,200,2000,200,2000,200,-0.0005420000000000276,0.000794323846265169,0.017752126633167095,0.0005420315753844723,0.0760616470124221,0.0003822717448101359,0.956,0.009172131704244116,0.956,0.009172131704244116,0.019403837930795326,0.017761621163980106,1.0,0.4847711828220516,0,0,iid_p080_strong_n200,iid,strong,0.7204916295825387,-0.0004693119999999985,5.150082212616944e-05,-0.00816799999999997,0.0008811108128544663,-0.010255907928365404,0.0010043161282015003,1.0,1.0,1.0,0.0,1.0
iid_p080_strong_n200,ppi_tuned,same_population_iid,target_human_preference_rate_under_assumptions,0.8,0.8,500,200,2000,200,2000,200,0.00040678866276226076,0.0007208257936256364,0.016107166093680483,0.0005349112971303293,0.06809350906276385,0.00030337687218703473,0.958,0.00897061870775924,0.958,0.00897061870775924,0.0173711123265215,0.016118154744821575,0.7193035983920857,0.3860536143427937,0,0,iid_p080_strong_n200,iid,strong,0.7204916295825387,-0.0005250092004305889,4.444606710114099e-05,-0.00965225049570254,0.0007301299984376861,-0.011900868467852016,0.0008143110087377626,0.6428900118832066,0.7213271199170236,0.7886557260102733,0.0,0.0
iid_p080_moderate_n020,raw_judge,same_population_iid,target_judge_positive_rate,0.8,0.8,500,20,200,20,200,0,0.00032999999999996124,0.0013233233048421215,0.02956264534847988,0.0008363455414915868,0.1106013547599563,0.0002795998554974813,0.934,0.01110351295761841,0.934,0.01110351295761841,0.02821514977631366,0.029590408658366606,,,500,0,iid_p080_moderate_n020,iid,moderate,0.4545454545454545,-0.00682105,0.0005066056255260391,-0.04359000000000001,0.002603320640396305,-0.05815850375480079,0.0029967343928352743,,,,,
iid_p080_moderate_n020,human_only,same_population_iid,audit_human_preference_rate,0.8,0.8,500,20,200,20,200,20,-0.0019000000000000416,0.003926016710920734,0.08772114910328067,0.0028718382525630033,0.34597298604934734,0.0029687711255567996,0.922,0.01199299795714149,0.922,0.01199299795714149,0.08826003660739128,0.08778840246418902,0.0,1.0,3,3,iid_p080_moderate_n020,iid,moderate,0.4545454545454545,0.0,0.0,0.0,0.0,0.0,0.0,0.0,0.0,0.0,1.0,0.0
iid_p080_moderate_n020,ppi,same_population_iid,target_human_preference_rate_under_assumptions,0.8,0.8,500,20,200,20,200,20,-0.0050700000000000415,0.004258963223070955,0.09527302871222264,0.002955276096609973,0.3623642635216562,0.0040359675375788145,0.94,0.010620734437881408,0.94,0.010620734437881408,0.09244156177867023,0.09523331280458257,1.0,1.2122301507327407,3,0,iid_p080_moderate_n020,iid,moderate,0.4545454545454545,0.0013819500000000003,0.0006866604992114768,0.00747000000000001,0.0032972780114162554,0.007551879608941964,0.003742473543662046,1.0,1.0,1.0,0.0,1.0
iid_p080_moderate_n020,ppi_tuned,same_population_iid,target_human_preference_rate_under_assumptions,0.8,0.8,500,20,200,20,200,20,-0.00015293302387607043,0.003567394970810507,0.07968971401952749,0.00240927417323647,0.29239039743971934,0.0032922478766759717,0.912,0.012669333052690657,0.912,0.012669333052690657,0.07459075772464632,0.07976937657323172,0.4377606791587665,0.7375532916897506,3,3,iid_p080_moderate_n020,iid,moderate,0.4545454545454545,-0.0013445494794859245,0.00034004360767176956,-0.004151885060627548,0.0018183059770198445,-0.008031435083753188,0.0019584424778849585,0.05779793764877183,0.4356104475014038,0.768547483875951,0.092,0.0
iid_p080_moderate_n050,raw_judge,same_population_iid,target_judge_positive_rate,0.8,0.8,500,50,500,50,500,0,0.000779999999999972,0.0008254756326143606,0.01845621846424666,0.0005795783777180801,0.06997172847128288,0.00010945240303159395,0.944,0.010282412168358165,0.944,0.010282412168358165,0.017850258735163237,0.01845819628295353,,,500,0,iid_p080_moderate_n050,iid,moderate,0.4545454545454545,-0.0028601680000000006,0.0001899517480116922,-0.030588000000000004,0.0015915900319049877,-0.03811939465660251,0.0017661789582030319,,,,,
iid_p080_moderate_n050,human_only,same_population_iid,audit_human_preference_rate,0.8,0.8,500,50,500,50,500,50,-0.0023600000000000474,0.002530467809451315,0.05657561312084917,0.0016679087655947897,0.22136248624713684,0.0011084599052533408,0.938,0.010784804124322337,0.938,0.010784804124322337,0.05647105967079392,0.05658298036808125,0.0,1.0,0,0,iid_p080_moderate_n050,iid,moderate,0.4545454545454545,0.0,0.0,0.0,0.0,0.0,0.0,0.0,0.0,0.0,1.0,0.0
iid_p080_moderate_n050,ppi,same_population_iid,target_human_preference_rate_under_assumptions,0.8,0.8,500,50,500,50,500,50,-0.0030600000000000306,0.0027182705512106696,0.060798618405355234,0.002064176153446179,0.23189161389746907,0.0015084107614144885,0.944,0.010282412168358165,0.944,0.010282412168358165,0.0591571109792324,0.060782377337428806,1.0,1.149288513561473,0,0,iid_p080_moderate_n050,iid,moderate,0.4545454545454545,0.0004956719999999998,0.00026670194466371405,0.002460000000000016,0.0019631986904530044,0.0042230052845060664,0.0022460931195826977,1.0,1.0,1.0,0.0,1.0
iid_p080_moderate_n050,ppi_tuned,same_population_iid,target_human_preference_rate_under_assumptions,0.8,0.8,500,50,500,50,500,50,-0.0019046910299197728,0.0023130274910706746,0.051704214905260455,0.0016408365614185314,0.1917794427470481,0.0011404340543160459,0.92,0.012132600710482479,0.92,0.012132600710482479,0.04892422622552758,0.05172086703859816,0.44840776394707277,0.760836257673623,0,0,iid_p080_moderate_n050,iid,moderate,0.4545454545454545,-0.0005274741610306422,0.00013415788608805965,-0.004344354533712991,0.0010952522298306783,-0.0048713982155887126,0.001227979887310507,0.26082215540399356,0.44214140245054556,0.6495850034110906,0.008,0.0
iid_p080_moderate_n200,raw_judge,same_population_iid,target_judge_positive_rate,0.8,0.8,500,200,2000,200,2000,0,0.00021899999999996545,0.000406817008194486,0.009090242020980514,0.00025041350957839966,0.03504103788618019,2.6942032508823867e-05,0.95,0.00974679434480897,0.95,0.00974679434480897,0.00893920453706788,0.009096704847259596,,,500,0,iid_p080_moderate_n200,iid,moderate,0.4545454545454545,-0.0007746174999999991,5.580942050830171e-05,-0.01567899999999998,0.0008393640342330182,-0.020188589922934173,0.0009814123365491354,,,,,
iid_p080_moderate_n200,human_only,same_population_iid,audit_human_preference_rate,0.8,0.8,500,200,2000,200,2000,200,0.0014699999999999607,0.001309047520459682,0.029278831943914688,0.00095032510544591,0.11037552641374705,0.000273722095629651,0.944,0.010282412168358165,0.944,0.010282412168358165,0.028157539445718163,0.029271192415253958,0.0,1.0,0,0,iid_p080_moderate_n200,iid,moderate,0.4545454545454545,0.0,0.0,0.0,0.0,0.0,0.0,0.0,0.0,0.0,1.0,0.0
iid_p080_moderate_n200,ppi,same_population_iid,target_human_preference_rate_under_assumptions,0.8,0.8,500,200,2000,200,2000,200,0.0006889999999999663,0.0013155443252674875,0.029395110137572216,0.0009433319847268972,0.11534467326953818,0.00040343817065122714,0.958,0.00897061870775924,0.958,0.00897061870775924,0.029425202243347895,0.029416465387121962,1.0,1.1026180607640863,0,0,iid_p080_moderate_n200,iid,moderate,0.4545454545454545,6.8225000000019485e-06,6.52614232987564e-05,0.00022100000000003473,0.0010002040463168189,0.00011627819365752842,0.0011122921361588637,1.0,1.0,1.0,0.0,1.0
iid_p080_moderate_n200,ppi_tuned,same_population_iid,target_human_preference_rate_under_assumptions,0.8,0.8,500,200,2000,200,2000,200,0.0012038465465371668,0.0011391752777845999,0.02547570770267048,0.0008471915044363558,0.09638122904888825,0.0002933696746734067,0.94,0.010620734437881408,0.94,0.010620734437881408,0.024587500027840072,0.025472733594135717,0.45654888932885007,0.7648484355851205,0,0,iid_p080_moderate_n200,iid,moderate,0.4545454545454545,-0.00020823831704809478,3.171503516936644e-05,-0.0027886459577842926,0.000524699205099532,-0.0038031242412442066,0.0005436285381174104,0.3577219483032022,0.45961599266607245,0.5549181995475888,0.0,0.0
iid_p080_uninformative_n020,raw_judge,same_population_iid,target_judge_positive_rate,0.8,0.6,500,20,200,20,200,0,-0.19988000000000006,0.0015374324691492596,0.20280902346789212,0.00150936698448737,0.1357737914009719,9.184868789774101e-05,0.0,0.0,0.966,0.008104813384649892,0.03463680773522836,0.03437803511833093,,,500,0,iid_p080_uninformative_n020,iid,uninformative,0.0,0.03309650000000002,0.0007869890685950958,0.12818000000000007,0.0028947425219761906,0.11317086195171643,0.00310841673510082,,,,,
iid_p080_uninformative_n020,human_only,same_population_iid,audit_human_preference_rate,0.8,0.8,500,20,200,20,200,20,0.004099999999999955,0.004008555479729342,0.0896381615161757,0.0026844859638214063,0.3406105116605108,0.0031315143939942116,0.92,0.012132600710482479,0.92,0.012132600710482479,0.08689203330959218,0.0896340254425409,0.0,1.0,4,4,iid_p080_uninformative_n020,iid,uninformative,0.0,0.0,0.0,0.0,0.0,0.0,0.0,0.0,0.0,0.0,1.0,0.0
iid_p080_uninformative_n020,ppi,same_population_iid,target_human_preference_rate_under_assumptions,0.8,0.8,500,20,200,20,200,20,0.009519999999999954,0.006692781622890695,0.14980821072291065,0.004572973672818817,0.5622869867263569,0.0032870313835653225,0.93,0.011410521460476728,0.93,0.011410521460476728,0.14344319364070074,0.14965514667344956,1.0,2.946805631628762,4,0,iid_p080_uninformative_n020,iid,uninformative,0.0,0.014407499999999998,0.0012702273645356684,0.04944,0.003945568123303825,0.06017004920673495,0.004346878085170365,1.0,1.0,1.0,0.0,1.0
iid_p080_uninformative_n020,ppi_tuned,same_population_iid,target_human_preference_rate_under_assumptions,0.8,0.8,500,20,200,20,200,20,0.0050300727929980865,0.004026535055141216,0.09008651909632827,0.0026403139472935965,0.3361774965220585,0.0031356836044424017,0.916,0.012405160216619531,0.916,0.012405160216619531,0.08576114132039765,0.09003606097081623,0.06972103053806561,0.9745186580162799,4,4,iid_p080_uninformative_n020,iid,uninformative,0.0,8.058092289311816e-05,0.00010877272887099441,0.0008985000638498651,0.0006289396776773101,0.0004483575801525752,0.0006060437037776232,0.0,0.0,0.218137109318866,0.504,0.0
iid_p080_uninformative_n050,raw_judge,same_population_iid,target_judge_positive_rate,0.8,0.6,500,50,500,50,500,0,-0.20103600000000005,0.0009858708285476162,0.20223865110309655,0.0009696808493856229,0.085913513827645,3.643600725451647e-05,0.0,0.0,0.954,0.009368457717255283,0.021917115443273405,0.022044741896665103,,,500,0,iid_p080_uninformative_n050,iid,uninformative,0.0,0.03770927200000003,0.00043738528578413923,0.1566760000000001,0.001823374739014928,0.1457479439027083,0.0020638624944044107,,,,,
iid_p080_uninformative_n050,human_only,same_population_iid,audit_human_preference_rate,0.8,0.8,500,50,500,50,500,50,0.00035999999999995525,0.002528820013627432,0.05649070720038828,0.0018622275130396454,0.2201618029399618,0.0011276075539415945,0.942,0.010453324829928518,0.942,0.010453324829928518,0.056164757280381165,0.05654613453332882,0.0,1.0,0,0,iid_p080_uninformative_n050,iid,uninformative,0.0,0.0,0.0,0.0,0.0,0.0,0.0,0.0,0.0,0.0,1.0,0.0
iid_p080_uninformative_n050,ppi,same_population_iid,target_human_preference_rate_under_assumptions,0.8,0.8,500,50,500,50,500,50,-0.004676000000000062,0.004207190863024381,0.0940977789323425,0.002979177328810672,0.3596294272987187,0.0012399331938053293,0.95,0.00974679434480897,0.95,0.00974679434480897,0.09174388665695637,0.09407564764038522,1.0,2.763848667900711,0,0,iid_p080_uninformative_n050,iid,uninformative,0.0,0.005663192000000001,0.0005241303747979541,0.03090800000000001,0.002476748602357243,0.037607071731954225,0.0028978199282770757,1.0,1.0,1.0,0.0,1.0
iid_p080_uninformative_n050,ppi_tuned,same_population_iid,target_human_preference_rate_under_assumptions,0.8,0.8,500,50,500,50,500,50,0.00040073073024602545,0.0025381446998761696,0.056699273940284275,0.0018436964666627362,0.2192264086460811,0.001129409080610431,0.938,0.010784804124322337,0.938,0.010784804124322337,0.05592613190224692,0.056754640856539175,0.0390835341650113,0.9915608518605237,0,0,iid_p080_uninformative_n050,iid,uninformative,0.0,2.3607665355400166e-05,2.5296446898460878e-05,0.0004340177726808001,0.0002200850340781802,0.00020856673989599894,0.00022394841797626516,0.0,0.0,0.12634623275335166,0.514,0.0
iid_p080_uninformative_n200,raw_judge,same_population_iid,target_judge_positive_rate,0.8,0.6,500,200,2000,200,2000,0,-0.19934400000000002,0.0004661737486472785,0.19961581099702505,0.0004661337115744661,0.0429294989329054,8.421574240688715e-06,0.0,0.0,0.968,0.007870959280799264,0.010951604027300454,0.010423961913012153,,,500,0,iid_p080_uninformative_n200,iid,uninformative,0.0,0.03893167200000002,0.00019907620722828948,0.17550400000000008,0.0009760847560031882,0.16937015015121115,0.0011129789235831409,,,,,
iid_p080_uninformative_n200,human_only,same_population_iid,audit_human_preference_rate,0.8,0.8,500,200,2000,200,2000,200,0.0012799999999999643,0.0013527687039300784,0.030245660845813885,0.0009797156254950348,0.1103758127930888,0.00028901931973452917,0.916,0.012405160216619531,0.916,0.012405160216619531,0.02815761250301514,0.03024882779821942,0.0,1.0,0,0,iid_p080_uninformative_n200,iid,uninformative,0.0,0.0,0.0,0.0,0.0,0.0,0.0,0.0,0.0,0.0,1.0,0.0
iid_p080_uninformative_n200,ppi,same_population_iid,target_human_preference_rate_under_assumptions,0.8,0.8,500,200,2000,200,2000,200,0.003215999999999958,0.002050093767834493,0.04590840881581499,0.0015422990916604603,0.1801433692240953,0.00033901456992268083,0.944,0.010282412168358165,0.944,0.010282412168358165,0.045955785576939974,0.04584149025126597,1.0,2.6817732704684696,0,0,iid_p080_uninformative_n200,iid,uninformative,0.0,0.0011927820000000005,0.00013113432994044642,0.012162000000000006,0.0012394708904110467,0.015662747970001105,0.0014804680970609198,1.0,1.0,1.0,0.0,1.0
iid_p080_uninformative_n200,ppi_tuned,same_population_iid,target_human_preference_rate_under_assumptions,0.8,0.8,500,200,2000,200,2000,200,0.0012675097514405367,0.0013531279268576828,0.030253152216002884,0.0009821409405648613,0.11023236784455878,0.0002902611190047171,0.918,0.012269963325128561,0.918,0.012269963325128561,0.028121018731481193,0.030256860267071427,0.021793864611117715,0.9973804873385148,0,0,iid_p080_uninformative_n200,iid,uninformative,0.0,4.532190046410817e-07,3.3456410162142184e-06,2.5048453639305856e-05,5.297443380010549e-05,7.491370188999341e-06,5.528974804206314e-05,0.0,0.0,0.07321893946837402,0.512,0.0
iid_p080_anti_n020,raw_judge,same_population_iid,target_judge_positive_rate,0.8,0.32,500,20,200,20,200,0,-0.47936000000000006,0.0015582159265478885,0.48062209687029583,0.00154788606775784,0.12927599067037415,0.00016727646669714586,0.0,0.0,0.938,0.010784804124322337,0.032979175048645455,0.03484276735383898,,,500,0,iid_p080_anti_n020,iid,anti,0.0,0.22197760000000002,0.0016556068326897234,0.40596000000000004,0.003177475334128968,0.38564841630562574,0.003718403538392843,,,,,
iid_p080_anti_n020,human_only,same_population_iid,audit_human_preference_rate,0.8,0.8,500,20,200,20,200,20,-0.0016000000000000421,0.004251002475191961,0.09497368056467012,0.003262989966223914,0.34201933621207314,0.0034388247249277017,0.918,0.012269963325128561,0.918,0.012269963325128561,0.08725143393191864,0.09505530507049087,0.0,1.0,10,10,iid_p080_anti_n020,iid,anti,0.0,0.0,0.0,0.0,0.0,0.0,0.0,0.0,0.0,0.0,1.0,0.0
iid_p080_anti_n020,ppi,same_population_iid,target_human_preference_rate_under_assumptions,0.8,0.8,500,20,200,20,200,20,0.004539999999999958,0.007864711321360542,0.17574299417046474,0.0055965819725528965,0.6644216953501928,0.004667558978252211,0.926,0.011706750189527404,0.926,0.011706750189527404,0.1694984450201805,0.17586029137974366,1.0,3.822104278820738,10,0,iid_p080_anti_n020,iid,anti,0.0,0.0218656,0.0015810327391691324,0.06516000000000001,0.0036745821405726707,0.08076931360579462,0.003961875401837658,1.0,1.0,1.0,0.0,1.0
iid_p080_anti_n020,ppi_tuned,same_population_iid,target_human_preference_rate_under_assumptions,0.8,0.8,500,20,200,20,200,20,-0.0013573968587321148,0.004264773999268811,0.0952775044876119,0.003258750222897045,0.3419873013593032,0.0034402503046001734,0.918,0.012269963325128561,0.918,0.012269963325128561,0.08724326162543172,0.09536324571038701,0.0016926221627252401,0.999747995987238,10,10,iid_p080_anti_n020,iid,anti,0.0,5.7802861386905e-05,1.8544292316233008e-05,0.00026494035461637687,9.26103954261495e-05,0.0003038239229417733,9.73693426118398e-05,0.0,0.0,0.0,0.972,0.0
iid_p080_anti_n050,raw_judge,same_population_iid,target_judge_positive_rate,0.8,0.32,500,50,500,50,500,0,-0.477692,0.000922218654383539,0.4781360057556846,0.0009172270373014929,0.08192133752047451,6.105653630273995e-05,0.0,0.0,0.948,0.009929350431926557,0.020898684406106326,0.020621436013199785,,,500,0,iid_p080_anti_n050,iid,anti,0.0,0.22533404,0.000902547651721534,0.432172,0.0018048045520060849,0.4208647215025792,0.0020998748575403008,,,,,
iid_p080_anti_n050,human_only,same_population_iid,audit_human_preference_rate,0.8,0.8,500,50,500,50,500,50,-0.0010400000000000459,0.0025633920413224015,0.05727128425310541,0.0018932351704234673,0.22072121150639273,0.0011177308699494997,0.932,0.01125841907196565,0.932,0.01125841907196565,0.05630746616963716,0.0573191885737884,0.0,1.0,0,0,iid_p080_anti_n050,iid,anti,0.0,0.0,0.0,0.0,0.0,0.0,0.0,0.0,0.0,0.0,1.0,0.0
iid_p080_anti_n050,ppi,same_population_iid,target_human_preference_rate_under_assumptions,0.8,0.8,500,50,500,50,500,50,0.001107999999999971,0.004807845195391142,0.10740484160409158,0.003577854735198629,0.42500784111961853,0.0017078916484336202,0.94,0.010620734437881408,0.94,0.010620734437881408,0.10842235991886232,0.10750668682190354,1.0,3.7567853596007827,0,0,iid_p080_anti_n050,iid,anti,0.0,0.008255800000000002,0.0006186231160111353,0.040428000000000026,0.0021802983818890787,0.05013355735098617,0.002453780977796462,1.0,1.0,1.0,0.0,1.0
iid_p080_anti_n050,ppi_tuned,same_population_iid,target_human_preference_rate_under_assumptions,0.8,0.8,500,50,500,50,500,50,-0.0010171762995431677,0.002563869023728017,0.057281527639104976,0.001892651707695984,0.22071988729044179,0.0011177449028863173,0.932,0.01125841907196565,0.932,0.01125841907196565,0.05630712835323814,0.05732985422461867,0.00014630577215947474,0.9999877087291682,0,0,iid_p080_anti_n050,iid,anti,0.0,1.1734086695477682e-06,1.1734086695477684e-06,2.2823700456878092e-05,2.2823700456878092e-05,1.0243385999565702e-05,1.0257065732490923e-05,0.0,0.0,0.0,0.998,0.0
iid_p080_anti_n200,raw_judge,same_population_iid,target_judge_positive_rate,0.8,0.32,500,200,2000,200,2000,0,-0.47953900000000005,0.0004616993508563366,0.47964989575731176,0.000461783488285447,0.04090200357917409,1.561833277865425e-05,0.0,0.0,0.948,0.009929350431926557,0.010434376320637491,0.010323911336822944,,,500,0,iid_p080_anti_n200,iid,anti,0.0,0.22926452250000004,0.00044926746221092025,0.45681900000000003,0.0009074438752746899,0.45137446472611437,0.0010122116579476042,,,,,
iid_p080_anti_n200,human_only,same_population_iid,audit_human_preference_rate,0.8,0.8,500,200,2000,200,2000,200,-0.0010600000000000368,0.0012648923691013475,0.02827543103119737,0.0008674192661053248,0.11093605360911181,0.0002648694017304862,0.942,0.010453324829928518,0.942,0.010453324829928518,0.028300533704741827,0.028283853215313678,0.0,1.0,0,0,iid_p080_anti_n200,iid,anti,0.0,0.0,0.0,0.0,0.0,0.0,0.0,0.0,0.0,0.0,1.0,0.0
iid_p080_anti_n200,ppi,same_population_iid,target_human_preference_rate_under_assumptions,0.8,0.8,500,200,2000,200,2000,200,0.0007609999999999626,0.0023875232548784043,0.053338658588307226,0.001592072118019065,0.2128028659322266,0.00040998828550330114,0.95,0.00974679434480897,0.95,0.00974679434480897,0.054287442935377496,0.05338664295769669,1.0,3.688981716912509,0,0,iid_p080_anti_n200,iid,anti,0.0,0.002045512500000001,0.00013985006330835962,0.020477000000000023,0.001057490669003779,0.025063227557109855,0.0011613858759173536,1.0,1.0,1.0,0.0,1.0
iid_p080_anti_n200,ppi_tuned,same_population_iid,target_human_preference_rate_under_assumptions,0.8,0.8,500,200,2000,200,2000,200,-0.0010600000000000368,0.0012648923691013475,0.02827543103119737,0.0008674192661053248,0.11093605360911181,0.0002648694017304862,0.942,0.010453324829928518,0.942,0.010453324829928518,0.028300533704741827,0.028283853215313678,0.0,1.0,0,0,iid_p080_anti_n200,iid,anti,0.0,0.0,0.0,0.0,0.0,0.0,0.0,0.0,0.0,0.0,1.0,0.0
cluster_g008_correct,raw_judge,same_population_independent_clusters_normal_approximation,target_judge_positive_rate,0.6,0.61,500,32,320,8,80,0,0.008350000000000024,0.0025103602963788426,0.05669545837190136,0.0019549571016701495,0.21375496563399762,0.0002824228846061377,0.936,0.01094568408095172,0.936,0.01094568408095172,0.05453032997546626,0.05613336270719611,,,500,0,cluster_g008,cluster,strong,,-0.029660625,0.0019782467100624727,-0.10170000000000001,0.005209822886530599,-0.1246191852727861,0.005870642551474039,,,,,
cluster_g008_correct,human_only,same_population_independent_clusters_normal_approximation,audit_human_preference_rate,0.6,0.6,500,32,320,8,80,32,0.007500000000000016,0.008109811223213047,0.18131464364468747,0.005367960219113033,0.6591892386054486,0.005809424851986595,0.824,0.017030795636141023,0.824,0.017030795636141023,0.1681636100982082,0.18134089179795093,0.0,1.0,13,13,cluster_g008,cluster,strong,,0.0,0.0,0.0,0.0,0.0,0.0,0.0,0.0,0.0,1.0,0.0
cluster_g008_correct,ppi,same_population_independent_clusters_normal_approximation,target_human_preference_rate_under_assumptions,0.6,0.6,500,32,320,8,80,32,0.005100000000000025,0.0048630266353488355,0.1087514367721181,0.004036308627688597,0.37419940799020585,0.008839550804637717,0.958,0.00897061870775924,0.958,0.00897061870775924,0.09546078676492091,0.1087405813303208,1.0,0.3988666407053555,13,0,cluster_g008,cluster,strong,,-0.021048124999999997,0.002100573338098127,-0.06345,0.005718596829590175,-0.07256320687256937,0.006575473063091601,1.0,1.0,1.0,0.0,1.0
cluster_g008_correct,ppi_tuned,same_population_independent_clusters_normal_approximation,target_human_preference_rate_under_assumptions,0.6,0.6,500,32,320,8,80,32,0.01253591437261838,0.00547055188219913,0.1228441742988979,0.005458906300516182,0.32648107927380293,0.007460321385833338,0.89,0.013992855319769442,0.89,0.013992855319769442,0.08328752003838949,0.12232525883036677,0.7541211469478195,0.3021107801002454,13,13,cluster_g008,cluster,strong,,-0.017784308840821994,0.0015412785011510114,-0.057849655710867615,0.004534798522905736,-0.05847046934578956,0.004749528241467798,0.45077173261818493,0.8546083946343574,0.9220570041317492,0.038,0.0
cluster_g008_naive_iid,raw_judge,assumption_violation_iid_inference_on_repeated_clusters,target_judge_positive_rate,0.6,0.61,500,32,320,8,80,0,0.008350000000000024,0.0025103602963788426,0.05669545837190136,0.0019549571016701495,0.10637373696721529,0.00014054587013457033,0.706,0.020374690181693564,0.634,0.021542701780417423,0.027136656032018383,0.05613336270719611,,,500,0,cluster_g008,naive_iid,strong,,-0.029660625,0.0019782467100624727,-0.10170000000000001,0.005209822886530599,-0.1246191852727861,0.005870642551474039,,,,,
cluster_g008_naive_iid,human_only,assumption_violation_iid_inference_on_repeated_clusters,audit_human_preference_rate,0.6,0.6,500,32,320,8,80,32,0.007500000000000016,0.008109811223213047,0.18131464364468747,0.005367960219113033,0.31324076929749173,0.002760586191701229,0.714,0.020209106858047932,0.714,0.020209106858047932,0.0799098278765056,0.18134089179795093,0.0,1.0,13,13,cluster_g008,naive_iid,strong,,0.0,0.0,0.0,0.0,0.0,0.0,0.0,0.0,0.0,1.0,0.0
cluster_g008_naive_iid,ppi,assumption_violation_iid_inference_on_repeated_clusters,target_human_preference_rate_under_assumptions,0.6,0.6,500,32,320,8,80,32,0.005100000000000025,0.0048630266353488355,0.1087514367721181,0.004036308627688597,0.18134148714395817,0.004136228436633075,0.63,0.021591665058535898,0.63,0.021591665058535898,0.046261433519788286,0.1087405813303208,1.0,0.4089780903352825,13,0,cluster_g008,naive_iid,strong,,-0.021048124999999997,0.002100573338098127,-0.06345,0.005718596829590175,-0.07256320687256937,0.006575473063091601,1.0,1.0,1.0,0.0,1.0
cluster_g008_naive_iid,ppi_tuned,assumption_violation_iid_inference_on_repeated_clusters,target_human_preference_rate_under_assumptions,0.6,0.6,500,32,320,8,80,32,0.012662347568075162,0.005467495059325818,0.12278922043724808,0.005466210251454883,0.1577711081757948,0.0034852066156849607,0.596,0.021944657664224338,0.596,0.021944657664224338,0.04024847125260289,0.12225690619296775,0.7473614963594438,0.30833597196326495,13,13,cluster_g008,naive_iid,strong,,-0.017797807344412896,0.0015359670583821314,-0.057963475520321515,0.004513432613655751,-0.05852542320743939,0.00473309308380861,0.44651918002841484,0.8427559970411075,0.9151571832666808,0.038,0.0
cluster_g030_correct,raw_judge,same_population_independent_clusters_normal_approximation,target_judge_positive_rate,0.6,0.61,500,120,1200,30,300,0,0.010633333333333357,0.0012021458954521072,0.028882520665620588,0.0008699497413314613,0.11036142834333863,6.290868984064315e-05,0.944,0.010282412168358165,0.96,0.008763560920082661,0.028153942933098648,0.02688079941103267,,,500,0,cluster_g030,cluster,strong,,-0.007330244444444443,0.0004979141848947809,-0.048699999999999986,0.002545099333383499,-0.06147479472413877,0.0028720612867327226,,,,,
cluster_g030_correct,human_only,same_population_independent_clusters_normal_approximation,audit_human_preference_rate,0.6,0.6,500,120,1200,30,300,120,0.001466666666666672,0.004044416060348523,0.09035731538975936,0.002743080734529971,0.34986471290731663,0.0007474853557417646,0.922,0.01199299795714149,0.922,0.01199299795714149,0.08925284231419678,0.09043589240231191,0.0,1.0,0,0,cluster_g030,cluster,strong,,0.0,0.0,0.0,0.0,0.0,0.0,0.0,0.0,0.0,1.0,0.0
cluster_g030_correct,ppi,same_population_independent_clusters_normal_approximation,target_human_preference_rate_under_assumptions,0.6,0.6,500,120,1200,30,300,120,-0.001166666666666641,0.002505640486237065,0.05598392626459847,0.0018726011016173402,0.2118242361311495,0.002401256743434286,0.936,0.01094568408095172,0.936,0.01094568408095172,0.05403778788844898,0.05602782454401704,1.0,0.39140672967745127,0,0,cluster_g030,cluster,strong,,-0.0050302444444444445,0.0005052072830542286,-0.02862,0.0027373669018073226,-0.034373389125160886,0.003054183063160445,1.0,1.0,1.0,0.0,1.0
cluster_g030_correct,ppi_tuned,same_population_independent_clusters_normal_approximation,target_human_preference_rate_under_assumptions,0.6,0.6,500,120,1200,30,300,120,-0.00016600442515185521,0.002437653559946879,0.05445330882280428,0.0018715457809796293,0.19537174559677897,0.00203451733147214,0.928,0.0115599307956406,0.928,0.0115599307956406,0.04984064685316831,0.054507590656355805,0.7796094213435972,0.32896217132076605,0,0,cluster_g030,cluster,strong,,-0.005199281602692749,0.00043056746216954826,-0.029165551584978935,0.0022683180597760804,-0.035904006566955075,0.0024187102678553834,0.6583504415294035,0.7895163889577833,0.8645399175415586,0.0,0.0
cluster_g030_naive_iid,raw_judge,assumption_violation_iid_inference_on_repeated_clusters,target_judge_positive_rate,0.6,0.61,500,120,1200,30,300,0,0.010633333333333357,0.0012021458954521072,0.028882520665620588,0.0008699497413314613,0.055111637515124545,3.141496955134567e-05,0.67,0.02102855201862458,0.704,0.020414896521902825,0.014059349546685066,0.02688079941103267,,,500,0,cluster_g030,naive_iid,strong,,-0.007330244444444443,0.0004979141848947809,-0.048699999999999986,0.002545099333383499,-0.06147479472413877,0.0028720612867327226,,,,,
cluster_g030_naive_iid,human_only,assumption_violation_iid_inference_on_repeated_clusters,audit_human_preference_rate,0.6,0.6,500,120,1200,30,300,120,0.001466666666666672,0.004044416060348523,0.09035731538975936,0.002743080734529971,0.17271325151929864,0.0003690015640057413,0.638,0.021492138097453217,0.638,0.021492138097453217,0.0440603125571793,0.09043589240231191,0.0,1.0,0,0,cluster_g030,naive_iid,strong,,0.0,0.0,0.0,0.0,0.0,0.0,0.0,0.0,0.0,1.0,0.0
cluster_g030_naive_iid,ppi,assumption_violation_iid_inference_on_repeated_clusters,target_human_preference_rate_under_assumptions,0.6,0.6,500,120,1200,30,300,120,-0.001166666666666641,0.002505640486237065,0.05598392626459847,0.0018726011016173402,0.10492401471463259,0.0011809024188256655,0.634,0.021542701780417423,0.634,0.021542701780417423,0.026766822130982974,0.05602782454401704,1.0,0.3937432359056309,0,0,cluster_g030,naive_iid,strong,,-0.0050302444444444445,0.0005052072830542286,-0.02862,0.0027373669018073226,-0.034373389125160886,0.003054183063160445,1.0,1.0,1.0,0.0,1.0
cluster_g030_naive_iid,ppi_tuned,assumption_violation_iid_inference_on_repeated_clusters,target_human_preference_rate_under_assumptions,0.6,0.6,500,120,1200,30,300,120,-0.00014980112860357432,0.002437835475783681,0.05445732551333994,0.0018726031649802456,0.09669292340398772,0.000999269272087013,0.632,0.021567382780485908,0.632,0.021567382780485908,0.024667015355049667,0.05451165841812853,0.777946994361575,0.33039084504803434,0,0,cluster_g030,naive_iid,strong,,-0.00519884414237858,0.00043004755758560954,-0.02916456745453199,0.0022649894521571258,-0.035899989876419416,0.002414346695052804,0.6569821523010742,0.7879291236802761,0.862702546609697,0.0,0.0
cluster_g100_correct,raw_judge,same_population_independent_clusters_normal_approximation,target_judge_positive_rate,0.6,0.61,500,400,4000,100,1000,0,0.010380000000000009,0.0006938256178435276,0.018653685962833205,0.0005556986594296581,0.060448467099681505,1.9581369173001977e-05,0.9,0.013416407864998736,0.95,0.00974679434480897,0.015420810682362354,0.015514412460289187,,,500,0,cluster_g100,cluster,strong,,-0.0020262399999999995,0.0001587342456759114,-0.02404799999999999,0.001373535799746906,-0.030072077243093083,0.0017055823415357246,,,,,
cluster_g100_correct,human_only,same_population_independent_clusters_normal_approximation,audit_human_preference_rate,0.6,0.6,500,400,4000,100,1000,400,0.002260000000000022,0.0021789171990510884,0.04872576320592629,0.0016163784561926437,0.1918153406945688,0.00019373481423704187,0.96,0.008763560920082661,0.96,0.008763560920082661,0.04893338403347809,0.048722069744216744,0.0,1.0,0,0,cluster_g100,cluster,strong,,0.0,0.0,0.0,0.0,0.0,0.0,0.0,0.0,0.0,1.0,0.0
cluster_g100_correct,ppi,same_population_independent_clusters_normal_approximation,target_human_preference_rate_under_assumptions,0.6,0.6,500,400,4000,100,1000,400,0.003100000000000006,0.0013778304807440345,0.030934123553124974,0.0010026706118502714,0.11897695773990949,0.0007176723700928274,0.942,0.010453324829928518,0.942,0.010453324829928518,0.03035182245142884,0.030809226164148763,1.0,0.3920426382422454,0,0,cluster_g100,cluster,strong,,-0.001417279999999999,0.0001672732289802135,-0.014487999999999987,0.001506417704556476,-0.017791639652801314,0.0018722331714907145,1.0,1.0,1.0,0.0,1.0
cluster_g100_correct,ppi_tuned,same_population_independent_clusters_normal_approximation,target_human_preference_rate_under_assumptions,0.6,0.6,500,400,4000,100,1000,400,0.0031404007770582136,0.0012866681191014227,0.02891304249898015,0.0008997001655394954,0.11027618779007758,0.0006085198255891002,0.938,0.010784804124322337,0.938,0.010784804124322337,0.028132197494423892,0.02877077378792577,0.778191782260069,0.3356836861545247,0,0,cluster_g100,cluster,strong,,-0.0015382359734521678,0.00014423629438278817,-0.015985111605162097,0.0012602187709982167,-0.01981272070694614,0.0014935139355495288,0.7145245548894277,0.7802140576626778,0.8381472237237962,0.0,0.0
cluster_g100_naive_iid,raw_judge,assumption_violation_iid_inference_on_repeated_clusters,target_judge_positive_rate,0.6,0.61,500,400,4000,100,1000,0,0.010380000000000009,0.0006938256178435276,0.018653685962833205,0.0005556986594296581,0.03021289450102682,9.787011472664759e-06,0.558,0.022209727598509622,0.672,0.02099599961897504,0.007707512673534378,0.015514412460289187,,,500,0,cluster_g100,naive_iid,strong,,-0.0020262399999999995,0.0001587342456759114,-0.02404799999999999,0.001373535799746906,-0.030072077243093083,0.0017055823415357246,,,,,
cluster_g100_naive_iid,human_only,assumption_violation_iid_inference_on_repeated_clusters,audit_human_preference_rate,0.6,0.6,500,400,4000,100,1000,400,0.002260000000000022,0.0021789171990510884,0.04872576320592629,0.0016163784561926437,0.09554643490044201,9.650255683107033e-05,0.636,0.02151762068631195,0.636,0.02151762068631195,0.024374538423690452,0.048722069744216744,0.0,1.0,0,0,cluster_g100,naive_iid,strong,,0.0,0.0,0.0,0.0,0.0,0.0,0.0,0.0,0.0,1.0,0.0
cluster_g100_naive_iid,ppi,assumption_violation_iid_inference_on_repeated_clusters,target_human_preference_rate_under_assumptions,0.6,0.6,500,400,4000,100,1000,400,0.003100000000000006,0.0013778304807440345,0.030934123553124974,0.0010026706118502714,0.059317602617359425,0.0003571383072948549,0.664,0.02112363605064242,0.664,0.02112363605064242,0.015132319543942924,0.030809226164148763,1.0,0.39272104831346427,0,0,cluster_g100,naive_iid,strong,,-0.001417279999999999,0.0001672732289802135,-0.014487999999999987,0.001506417704556476,-0.017791639652801314,0.0018722331714907145,1.0,1.0,1.0,0.0,1.0
cluster_g100_naive_iid,ppi_tuned,assumption_violation_iid_inference_on_repeated_clusters,target_human_preference_rate_under_assumptions,0.6,0.6,500,400,4000,100,1000,400,0.0031409267689613135,0.001286669989211881,0.028913141162386535,0.0008997706084539115,0.054965696721349,0.0003027139818372181,0.654,0.021273645667821018,0.654,0.021273645667821018,0.014022119068235792,0.028770815604866877,0.7777092520202845,0.3360954270786439,0,0,cluster_g100,naive_iid,strong,,-0.0015382302681239098,0.0001441838772845907,-0.01598596754049876,0.00125968861633173,-0.019812622043539754,0.001492633052175474,0.7140955436371974,0.7797166629539733,0.8376531943530612,0.0,0.0
