scenario,profile,total_budget,truth,method,interval_family,n_pilot,n_labeled,n_unlabeled,total_labels_used,unique_prediction_scores_used,proxy_scores_supplied,theorem_applicable,alpha,repetitions,bias,bias_mcse,mse,mse_mcse,rmse,rmse_mcse,coverage,coverage_mcse,coverage_mc_low,coverage_mc_high,mean_width,width_mcse,mean_selected_power,power_q10,power_q50,power_q90,zero_power_fraction,constant_pilot_fraction,zero_width_fraction,full_domain_fraction,outside_unit_interval_fraction,empirical_variance,mean_estimated_variance,estimated_variance_mcse,mean_conditional_variance,conditional_variance_mcse
iid_balanced_strong_b0020,balanced_strong,20,0.5,human_normal,normal,0,20,200,20,0,220,False,0.050000000000000003,2000,0.0005750000000000066,0.0024846622427868066,0.012341250000000002,0.00039264382244523109,0.11109117876771316,0.0017672142234903831,0.95450000000000002,0.0046599222096511432,0.94442780899342083,0.96321072190118251,0.43806292218327619,0.00038881487715383895,0,0,0,0,1,0,0,0,0,0.012347092921460729,0.012508355263157899,2.0665464339222701e-05,0.012500000000000002,3.8799297181565286e-20
iid_balanced_strong_b0020,balanced_strong,20,0.5,human_eb,empirical_bernstein,0,20,200,20,0,220,True,0.050000000000000003,2000,0.0005750000000000066,0.0024846622427868066,0.012341250000000002,0.00039264382244523109,0.11109117876771316,0.0017672142234903831,1,0,0.99815726020659401,1,1.7379564283650157,0.00058728280747224885,0,0,0,0,1,0,0,0.99750000000000005,0,0.012347092921460729,,,0.012500000000000002,3.8799297181565286e-20
iid_balanced_strong_b0020,balanced_strong,20,0.5,same_audit_normal,normal,0,20,200,20,220,220,False,0.050000000000000003,2000,0.00054974709370806557,0.0015071491611294502,0.0045410279110595581,0.00015522469816608867,0.067387149450466879,0.0011517381238999212,0.92849999999999999,0.0057614125872046352,0.9163172907307654,0.93940745884845467,0.23962138388799065,0.001613798696956972,0.77553188773122972,0.62709784436404303,0.81073173261037834,0.91211331483581171,0,0,0,0,0,0.0045429971877864106,0.0040755672949948259,5.008605541916836e-05,,
iid_balanced_strong_b0020,balanced_strong,20,0.5,same_audit_grid_eb,empirical_bernstein,0,20,200,20,220,220,True,0.050000000000000003,2000,0.0005750000000000066,0.0024846622427868066,0.012341250000000002,0.00039264382244523109,0.11109117876771316,0.0017672142234903831,1,0,0.99815726020659401,1,2.4590591812281417,0.00072535043192075961,0,0,0,0,1,0,0,1,0,0.012347092921460729,,,,
iid_balanced_strong_b0020,balanced_strong,20,0.5,pilot20_normal,normal,4,16,200,20,220,220,False,0.050000000000000003,2000,-0.00056346450617283299,0.0019152351491391359,0.0073329007195692339,0.00027486263150602988,0.085632357900324307,0.0016048993525669864,0.93600000000000005,0.00547284204047586,0.92436951912311405,0.94633101233319283,0.31429243686987224,0.002717255312469604,0.68688271604938256,0,0.92592592592592593,0.92592592592592593,0.17649999999999999,0.1295,0,0,0,0.0073362513529960163,0.0073890747345654361,0.00011365819032988601,0.0074439923321759265,8.5572530727621505e-05
iid_balanced_strong_b0020,balanced_strong,20,0.5,pilot20_eb,empirical_bernstein,4,16,200,20,220,220,True,0.050000000000000003,2000,-0.00056346450617283299,0.0019152351491391359,0.0073329007195692339,0.00027486263150602988,0.085632357900324307,0.0016048993525669864,1,0,0.99815726020659401,1,3.3091519453667368,0.014241997523170057,0.68688271604938256,0,0.92592592592592593,0.92592592592592593,0.17649999999999999,0.1295,0,0.99950000000000006,0,0.0073362513529960163,,,0.0074439923321759265,8.5572530727621505e-05
iid_balanced_strong_b0020,balanced_strong,20,0.5,pilot50_normal,normal,10,10,200,20,220,220,False,0.050000000000000003,2000,0.0022971523053665994,0.0020776907919034635,0.0086345581632081732,0.00031347649412460563,0.092922323277069285,0.0016867663391815083,0.9365,0.0054528776806379948,0.92490774473485737,0.94679115776854084,0.32423787466935744,0.0035555520699876585,0.81175793650793648,0.5714285714285714,0.83333333333333337,0.95238095238095233,0.0035000000000000001,0.002,0,0,0,0.0086335980535208814,0.0084864542710888606,0.00016578590696825373,0.0085358176731977504,3.6592945771208316e-05
iid_balanced_strong_b0020,balanced_strong,20,0.5,pilot50_eb,empirical_bernstein,10,10,200,20,220,220,True,0.050000000000000003,2000,0.0022971523053665994,0.0020776907919034635,0.0086345581632081732,0.00031347649412460563,0.092922323277069285,0.0016867663391815083,1,0,0.99815726020659401,1,5.508920958316752,0.01166671971500695,0.81175793650793648,0.5714285714285714,0.83333333333333337,0.95238095238095233,0.0035000000000000001,0.002,0,1,0,0.0086335980535208814,,,0.0085358176731977504,3.6592945771208316e-05
iid_balanced_strong_b0200,balanced_strong,200,0.5,human_normal,normal,0,200,2000,200,0,2200,False,0.050000000000000003,2000,0.00013750000000000659,0.00079177664274781483,0.0012532125000000005,4.1330403122677328e-05,0.035400741517657514,0.00058375052824899388,0.94650000000000001,0.005031786462082825,0.93571455729097119,0.9559512869808573,0.13858851808678166,1.1593929454686814e-05,0,0,0,0,1,0,0,0,0,0.0012538205040020017,0.0012499838567839195,2.0769046795315133e-07,0.00125,0
iid_balanced_strong_b0200,balanced_strong,200,0.5,human_eb,empirical_bernstein,0,200,2000,200,0,2200,True,0.050000000000000003,2000,0.00013750000000000659,0.00079177664274781483,0.0012532125000000005,4.1330403122677328e-05,0.035400741517657514,0.00058375052824899388,1,0,0.99815726020659401,1,0.31209118555859766,1.7511972508936905e-05,0,0,0,0,1,0,0,0,0,0.0012538205040020017,,,0.00125,0
iid_balanced_strong_b0200,balanced_strong,200,0.5,same_audit_normal,normal,0,200,2000,200,2200,2200,False,0.050000000000000003,2000,0.00075554977429882016,0.00046430252418862988,0.00043150894656334164,1.3738475098204982e-05,0.020772793422246843,0.00033068434319217789,0.95050000000000001,0.0048502448391808013,0.94006268384157354,0.95958962207345233,0.080555503820621308,0.00015039277557825665,0.77459890883768945,0.73062190851162878,0.77590154005675993,0.81755548301328951,0,0,0,0,0,0.00043115366793586654,0.00042525527779305514,1.5745841072971724e-06,,
iid_balanced_strong_b0200,balanced_strong,200,0.5,same_audit_grid_eb,empirical_bernstein,0,200,2000,200,2200,2200,True,0.050000000000000003,2000,0.00013706250000000667,0.00079174144926108048,0.0012531009765625006,4.1328948929045924e-05,0.035399166325811977,0.00058375596403396272,1,0,0.99815726020659401,1,0.41529954369826089,2.1636268184289704e-05,0.00037500000000000001,0,0,0,0.99850000000000005,0,0,0,0,0.0012537090449560723,,,,
iid_balanced_strong_b0200,balanced_strong,200,0.5,pilot20_normal,normal,40,160,2000,200,2200,2200,False,0.050000000000000003,2000,0.0010094928923235426,0.00050791853898210276,0.00051672357914083779,1.7471006857412705e-05,0.02273155470135815,0.00038428974803841415,0.95350000000000001,0.004708383480558906,0.94333482395897006,0.96230717558473033,0.08930168168116355,0.00019844029703002851,0.78801807883573782,0.6909652076318743,0.79089506172839508,0.88203463203463228,0,0,0,0,0,0.00051596248448342768,0.00052411781899876567,2.3134243029638452e-06,0.00052462405530216011,3.4868738902514824e-07
iid_balanced_strong_b0200,balanced_strong,200,0.5,pilot20_eb,empirical_bernstein,40,160,2000,200,2200,2200,True,0.050000000000000003,2000,0.0010094928923235426,0.00050791853898210276,0.00051672357914083779,1.7471006857412705e-05,0.02273155470135815,0.00038428974803841415,1,0,0.99815726020659401,1,0.4653499558584957,0.00048566650024381018,0.78801807883573782,0.6909652076318743,0.79089506172839508,0.88203463203463228,0,0,0,0,0,0.00051596248448342768,,,0.00052462405530216011,3.4868738902514824e-07
iid_balanced_strong_b0200,balanced_strong,200,0.5,pilot50_normal,normal,100,100,2000,200,2200,2200,False,0.050000000000000003,2000,0.0013986925682104544,0.00061860260565450409,0.00076691203916172835,2.5302723548017605e-05,0.027693176761825797,0.00045684039367590071,0.9425,0.0052054658773254868,0.93138166452872462,0.95229752261974931,0.10837886094408666,0.00034000442055590838,0.8110300317270378,0.74651274651274646,0.81746031746031744,0.8730782102009883,0,0,0,0,0,0.00076533836744508376,0.0007794609071432539,4.7926830312154774e-06,0.00078154228430184962,2.1021983363788724e-07
iid_balanced_strong_b0200,balanced_strong,200,0.5,pilot50_eb,empirical_bernstein,100,100,2000,200,2200,2200,True,0.050000000000000003,2000,0.0013986925682104544,0.00061860260565450409,0.00076691203916172835,2.5302723548017605e-05,0.027693176761825797,0.00045684039367590071,1,0,0.99815726020659401,1,0.66673500543863251,0.00066104006029153435,0.8110300317270378,0.74651274651274646,0.81746031746031744,0.8730782102009883,0,0,0,0,0,0.00076533836744508376,,,0.00078154228430184962,2.1021983363788724e-07
iid_balanced_strong_b1000,balanced_strong,1000,0.5,human_normal,normal,0,1000,10000,1000,0,11000,False,0.050000000000000003,2000,-0.0001834999999999989,0.00035621883695967371,0.00025369050000000038,7.6115578077687621e-06,0.015927664612239937,0.00023894142653906419,0.94950000000000001,0.0048964145045124596,0.93897413337199442,0.95868157751866534,0.061979030889940619,9.4529148910891511e-07,0,0,0,0,1,0,0,0,0,0.00025378371960980522,0.0002499963058058058,7.6191769847534537e-09,0.00025000000000000011,2.4249560738478304e-21
iid_balanced_strong_b1000,balanced_strong,1000,0.5,human_eb,empirical_bernstein,0,1000,10000,1000,0,11000,True,0.050000000000000003,2000,-0.0001834999999999989,0.00035621883695967371,0.00025369050000000038,7.6115578077687621e-06,0.015927664612239937,0.00023894142653906419,1,0,0.99815726020659401,1,0.11408573652892952,1.4278091508927724e-06,0,0,0,0,1,0,0,0,0,0.00025378371960980522,,,0.00025000000000000011,2.4249560738478304e-21
iid_balanced_strong_b1000,balanced_strong,1000,0.5,same_audit_normal,normal,0,1000,10000,1000,11000,11000,False,0.050000000000000003,2000,-0.00035262462467278784,0.00020993195810418047,8.8223126765802959e-05,2.7954425898604607e-06,0.0093927166871892263,0.00014880905508803322,0.94599999999999995,0.0050539093778974734,0.93517214523115955,0.95549537686132624,0.036236113684305196,3.0044187119916081e-05,0.77409847340368476,0.75488214500377593,0.77495145220997752,0.79296703285007641,0,0,0,0,0,8.8142854066910778e-05,8.557037833940105e-05,1.4175706092940793e-07,,
iid_balanced_strong_b1000,balanced_strong,1000,0.5,same_audit_grid_eb,empirical_bernstein,0,1000,10000,1000,11000,11000,True,0.050000000000000003,2000,-0.00030073750000001088,0.00023327811561290717,0.00010887338281250011,3.3957764044228987e-06,0.010434240883384863,0.00016272273385168921,1,0,0.99815726020659401,1,0.13704736804683001,3.3644516751625287e-05,0.49987500000000001,0.5,0.5,0.5,0,0,0,0,0,0.00010883735844781778,,,,
iid_balanced_strong_b1000,balanced_strong,1000,0.5,pilot20_normal,normal,200,800,10000,1000,11000,11000,False,0.050000000000000003,2000,-0.00028110438637994313,0.00023009923110518471,0.00010591738633028127,3.3845028792137529e-06,0.010291617284483584,0.00016443007865811742,0.95299999999999996,0.0047323884033329319,0.94278876803853695,0.96185495933581955,0.039885160809353122,3.9002655203611774e-05,0.78900094526938713,0.74258987316035574,0.79091250832784343,0.83214133414401381,0,0,0,0,0,0.00010589131231039442,0.00010372797290058597,2.0277558270072652e-07,0.00010331608305059323,1.3146484424627223e-08
iid_balanced_strong_b1000,balanced_strong,1000,0.5,pilot20_eb,empirical_bernstein,200,800,10000,1000,11000,11000,True,0.050000000000000003,2000,-0.00028110438637994313,0.00023009923110518471,0.00010591738633028127,3.3845028792137529e-06,0.010291617284483584,0.00016443007865811742,1,0,0.99815726020659401,1,0.13975668504591035,7.8610627508210779e-05,0.78900094526938713,0.74258987316035574,0.79091250832784343,0.83214133414401381,0,0,0,0,0,0.00010589131231039442,,,0.00010331608305059323,1.3146484424627223e-08
iid_balanced_strong_b1000,balanced_strong,1000,0.5,pilot50_normal,normal,500,500,10000,1000,11000,11000,False,0.050000000000000003,2000,-0.00038658088062339796,0.00028135276143247492,0.00015838903813225613,4.90563176242802e-06,0.012585270681723779,0.00019489575895860294,0.95199999999999996,0.0047799581588126921,0.94169750765885429,0.96094966294442308,0.048845076135962208,6.6502353889627802e-05,0.81092729174652234,0.78211954551956209,0.81196935828064265,0.83837153315360979,0,0,0,0,0,0.00015831875273135827,0.00015584458132222612,4.2251436337977446e-07,0.00015534977799346755,8.7479147341091641e-09
iid_balanced_strong_b1000,balanced_strong,1000,0.5,pilot50_eb,empirical_bernstein,500,500,10000,1000,11000,11000,True,0.050000000000000003,2000,-0.00038658088062339796,0.00028135276143247492,0.00015838903813225613,4.90563176242802e-06,0.012585270681723779,0.00019489575895860294,1,0,0.99815726020659401,1,0.18874333871028504,0.00012018434068802114,0.81092729174652234,0.78211954551956209,0.81196935828064265,0.83837153315360979,0,0,0,0,0,0.00015831875273135827,,,0.00015534977799346755,8.7479147341091641e-09
iid_boundary_strong_b0020,boundary_strong,20,0.94999999999999996,human_normal,normal,0,20,200,20,0,220,False,0.050000000000000003,2000,-0.00052499999999996907,0.0011055986440299394,0.0024437499999999997,9.3062133809216675e-05,0.049434299833212972,0.00094127087996795974,0.63949999999999996,0.010736380907922371,0.61801470334283137,0.6605755118740626,0.15056859758719479,0.002660503570400416,0,0,0,0,1,0,0.35699999999999998,0,0,0.002444696723361681,0.0023962500000000012,4.972801727009291e-05,0.0023750000000000017,9.6998242953913214e-21
iid_boundary_strong_b0020,boundary_strong,20,0.94999999999999996,human_eb,empirical_bernstein,0,20,200,20,0,220,True,0.050000000000000003,2000,-0.00052499999999996907,0.0011055986440299394,0.0024437499999999997,9.3062133809216675e-05,0.049434299833212972,0.00094127087996795974,1,0,0.99815726020659401,1,1.3037125657920277,0.0040185396648196947,0,0,0,0,1,0,0,0.017000000000000001,0,0.002444696723361681,,,0.0023750000000000017,9.6998242953913214e-21
iid_boundary_strong_b0020,boundary_strong,20,0.94999999999999996,same_audit_normal,normal,0,20,200,20,220,220,False,0.050000000000000003,2000,0.0062045697559431727,0.00092278432340772525,0.0017407069700029441,4.433706204542621e-05,0.041721780522922844,0.00053134192129056517,0.53149999999999997,0.011158130443761625,0.509347790109276,0.55355973138573566,0.094582692706529678,0.0018763840427823148,0.3743944619290579,0,0.39189633007590885,0.88428723782438678,0.39850000000000002,0,0.35699999999999998,0,0,0.0017030618150541065,0.0010402297564958548,2.6571086125170167e-05,,
iid_boundary_strong_b0020,boundary_strong,20,0.94999999999999996,same_audit_grid_eb,empirical_bernstein,0,20,200,20,220,220,True,0.050000000000000003,2000,-0.00052499999999996907,0.0011055986440299394,0.0024437499999999997,9.3062133809216675e-05,0.049434299833212972,0.00094127087996795974,1,0,0.99815726020659401,1,1.9227264821117287,0.0049632807984173891,0,0,0,0,1,0,0,0.64300000000000002,0,0.002444696723361681,,,,
iid_boundary_strong_b0020,boundary_strong,20,0.94999999999999996,pilot20_normal,normal,4,16,200,20,220,220,False,0.050000000000000003,2000,-0.0011666666666666193,0.0012493997229816277,0.0031217994470164605,0.00012800167626525314,0.05587306548791162,0.0011454685289546791,0.59250000000000003,0.01098735068157925,0.57059251690670776,0.61413585700593054,0.16219498495063173,0.0031289912724565836,0.14591049382716051,0,0,0.92592592592592593,0.83199999999999996,0.67900000000000005,0.36649999999999999,0,0.029000000000000001,0.0031219993355731364,0.0029857534249632749,6.8541971002308039e-05,0.0029724388292100726,3.9553953155306639e-06
iid_boundary_strong_b0020,boundary_strong,20,0.94999999999999996,pilot20_eb,empirical_bernstein,4,16,200,20,220,220,True,0.050000000000000003,2000,-0.0011666666666666193,0.0012493997229816277,0.0031217994470164605,0.00012800167626525314,0.05587306548791162,0.0011454685289546791,1,0,0.99815726020659401,1,1.9064153283749663,0.016174183366379845,0.14591049382716051,0,0,0.92592592592592593,0.83199999999999996,0.67900000000000005,0,0.32700000000000001,0.029000000000000001,0.0031219993355731364,,,0.0029724388292100726,3.9553953155306639e-06
iid_boundary_strong_b0020,boundary_strong,20,0.94999999999999996,pilot50_normal,normal,10,10,200,20,220,220,False,0.050000000000000003,2000,-0.00079724678760387713,0.0015022249141101959,0.0045117383078945427,0.00018299545483201231,0.067169474524478329,0.001362192097880146,0.53600000000000003,0.011151322791489806,0.51385451003852101,0.55803979929025205,0.1831395349914727,0.0043121224680415298,0.29113189720332577,0,0,0.95238095238095233,0.63100000000000001,0.379,0.378,0,0.075499999999999998,0.0045133593851467719,0.0046017866216976466,0.0001311782629673888,0.0045975877488617185,1.3948314062642852e-05
iid_boundary_strong_b0020,boundary_strong,20,0.94999999999999996,pilot50_eb,empirical_bernstein,10,10,200,20,220,220,True,0.050000000000000003,2000,-0.00079724678760387713,0.0015022249141101959,0.0045117383078945427,0.00018299545483201231,0.067169474524478329,0.001362192097880146,1,0,0.99815726020659401,1,3.5092371280800942,0.030941707989416561,0.29113189720332577,0,0,0.95238095238095233,0.63100000000000001,0.379,0,1,0.075499999999999998,0.0045133593851467719,,,0.0045975877488617185,1.3948314062642852e-05
iid_boundary_strong_b0200,boundary_strong,200,0.94999999999999996,human_normal,normal,0,200,2000,200,0,2200,False,0.050000000000000003,2000,-0.00022499999999997777,0.00033971663367518155,0.0002307499999999994,7.7101032156384007e-06,0.015190457530963292,0.00025378113858396306,0.92800000000000005,0.0057799653978202999,0.91578180658136621,0.93894454453438991,0.059889127497173206,0.00019858879175029069,0,0,0,0,1,0,0,0,0,0.00023081478239119502,0.00023855150753768851,1.527977169378609e-06,0.00023750000000000027,1.2124780369239152e-21
iid_boundary_strong_b0200,boundary_strong,200,0.94999999999999996,human_eb,empirical_bernstein,0,200,2000,200,0,2200,True,0.050000000000000003,2000,-0.00022499999999997777,0.00033971663367518155,0.0002307499999999994,7.7101032156384007e-06,0.015190457530963292,0.00025378113858396306,1,0,0.99815726020659401,1,0.19322022210641135,0.00029995710042104989,0,0,0,0,1,0,0,0,0,0.00023081478239119502,,,0.00023750000000000027,1.2124780369239152e-21
iid_boundary_strong_b0200,boundary_strong,200,0.94999999999999996,same_audit_normal,normal,0,200,2000,200,2200,2200,False,0.050000000000000003,2000,0.00039274840394381232,0.0002733759747933712,0.00014954836407365802,4.7413424299846024e-06,0.012228996854757057,0.00019385655611401311,0.92749999999999999,0.0057984372894772261,0.91524647967612471,0.93848147150736827,0.046805796000362901,0.0001330087376579781,0.43547284258486896,0.30050270592973005,0.43711635588711634,0.5696440965797277,0,0,0,0,0,0.00014946884718845184,0.00014487643889983065,8.0833133293320415e-07,,
iid_boundary_strong_b0200,boundary_strong,200,0.94999999999999996,same_audit_grid_eb,empirical_bernstein,0,200,2000,200,2200,2200,True,0.050000000000000003,2000,-0.00022499999999997777,0.00033971663367518155,0.0002307499999999994,7.7101032156384007e-06,0.015190457530963292,0.00025378113858396306,1,0,0.99815726020659401,1,0.26848373870147474,0.00037047570536685335,0,0,0,0,1,0,0,0,0,0.00023081478239119502,,,,
iid_boundary_strong_b0200,boundary_strong,200,0.94999999999999996,pilot20_normal,normal,40,160,2000,200,2200,2200,False,0.050000000000000003,2000,0.00035580586174940399,0.00033972698361751024,0.00023084003018356155,8.055027255723435e-06,0.015193420621557265,0.00026508274391793369,0.9395,0.0053310294503031968,0.92814110049798959,0.9495479849066164,0.05859299695139511,0.00024011317763602549,0.43670954600969708,0,0.46296296296296297,0.92592592592592593,0.1615,0.019,0,0,0.00050000000000000001,0.00023082884679570417,0.00023092726482200644,1.9173811264335386e-06,0.00022926402962072945,1.1072285311945675e-06
iid_boundary_strong_b0200,boundary_strong,200,0.94999999999999996,pilot20_eb,empirical_bernstein,40,160,2000,200,2200,2200,True,0.050000000000000003,2000,0.00035580586174940399,0.00033972698361751024,0.00023084003018356155,8.055027255723435e-06,0.015193420621557265,0.00026508274391793369,1,0,0.99815726020659401,1,0.32543322265894359,0.0014279356699393969,0.43670954600969708,0,0.46296296296296297,0.92592592592592593,0.1615,0.019,0,0,0.00050000000000000001,0.00023082884679570417,,,0.00022926402962072945,1.1072285311945675e-06
iid_boundary_strong_b0200,boundary_strong,200,0.94999999999999996,pilot50_normal,normal,100,100,2000,200,2200,2200,False,0.050000000000000003,2000,0.00044969630620548715,0.00039100784237479846,0.00030582360523220684,9.7437460658711811e-06,0.017487813048869399,0.00027858675177514896,0.94099999999999995,0.005268728499363013,0.92976044985546125,0.95092369719606629,0.068784222356850347,0.00029897051577734257,0.46034851165074414,0.23809523809523808,0.46583850931677018,0.68027210884353739,0.0094999999999999998,0,0,0,0.001,0.00030577426559719054,0.00031953658946085435,2.7097320950274368e-06,0.00031536050451528615,8.1122248694431923e-07
iid_boundary_strong_b0200,boundary_strong,200,0.94999999999999996,pilot50_eb,empirical_bernstein,100,100,2000,200,2200,2200,True,0.050000000000000003,2000,0.00044969630620548715,0.00039100784237479846,0.00030582360523220684,9.7437460658711811e-06,0.017487813048869399,0.00027858675177514896,1,0,0.99815726020659401,1,0.48328010898487334,0.0012229635162279624,0.46034851165074414,0.23809523809523808,0.46583850931677018,0.68027210884353739,0.0094999999999999998,0,0,0,0.001,0.00030577426559719054,,,0.00031536050451528615,8.1122248694431923e-07
iid_boundary_strong_b1000,boundary_strong,1000,0.94999999999999996,human_normal,normal,0,1000,10000,1000,0,11000,False,0.050000000000000003,2000,3.7747582837255325e-18,0.00014994246019952226,4.4942999999999966e-05,1.4335045668471259e-06,0.0067039540571218088,0.00010691485611571813,0.94699999999999995,0.0050095408971282014,0.93625720700122728,0.95640695640742357,0.026962031268834962,3.8515315072917266e-05,0,0,0,0,1,0,0,0,0,4.4965482741370641e-05,4.7502559559559563e-05,1.3493812338714166e-07,4.750000000000003e-05,3.031195092309788e-22
iid_boundary_strong_b1000,boundary_strong,1000,0.94999999999999996,human_eb,empirical_bernstein,0,1000,10000,1000,0,11000,True,0.050000000000000003,2000,3.7747582837255325e-18,0.00014994246019952226,4.4942999999999966e-05,1.4335045668471259e-06,0.0067039540571218088,0.00010691485611571813,1,0,0.99815726020659401,1,0.061194545746121903,5.8175197750346518e-05,0,0,0,0,1,0,0,0,0,4.4965482741370641e-05,,,4.750000000000003e-05,3.031195092309788e-22
iid_boundary_strong_b1000,boundary_strong,1000,0.94999999999999996,same_audit_normal,normal,0,1000,10000,1000,11000,11000,False,0.050000000000000003,2000,-1.9052692927158276e-05,0.00012043087985119247,2.8993053051750762e-05,9.103781104802572e-07,0.0053845197605497525,8.453661152385749e-05,0.94950000000000001,0.0048964145045124596,0.93897413337199442,0.95868157751866534,0.021295493736586273,2.5150184667975855e-05,0.43779837735064792,0.37732891765708415,0.43880083471400477,0.49650117192201998,0,0,0,0,0,2.9007193643464719e-05,2.9595689148158712e-05,6.9658267791854167e-08,,
iid_boundary_strong_b1000,boundary_strong,1000,0.94999999999999996,same_audit_grid_eb,empirical_bernstein,0,1000,10000,1000,11000,11000,True,0.050000000000000003,2000,3.7747582837255325e-18,0.00014994246019952226,4.4942999999999966e-05,1.4335045668471259e-06,0.0067039540571218088,0.00010691485611571813,1,0,0.99815726020659401,1,0.081524878966697453,7.1851932796931805e-05,0,0,0,0,1,0,0,0,0,4.4965482741370641e-05,,,,
iid_boundary_strong_b1000,boundary_strong,1000,0.94999999999999996,pilot20_normal,normal,200,800,10000,1000,11000,11000,False,0.050000000000000003,2000,-2.4833020613131195e-05,0.00013501050455099912,3.643806152080438e-05,1.1669377270759288e-06,0.0060363947452767184,9.6658500339877489e-05,0.94899999999999995,0.0049192987305102763,0.93843024656849161,0.95822716150927956,0.024196348505246306,3.505955587625991e-05,0.44599707638065289,0.30363697030363695,0.45232013622818218,0.58484397972230462,0,0,0,0,0,3.6455672678230713e-05,3.8261531892793046e-05,1.1113628720840697e-07,3.8307182349158835e-05,4.3614254200492623e-08
iid_boundary_strong_b1000,boundary_strong,1000,0.94999999999999996,pilot20_eb,empirical_bernstein,200,800,10000,1000,11000,11000,True,0.050000000000000003,2000,-2.4833020613131195e-05,0.00013501050455099912,3.643806152080438e-05,1.1669377270759288e-06,0.0060363947452767184,9.6658500339877489e-05,1,0,0.99815726020659401,1,0.090553083176096588,0.00012982417059003923,0.44599707638065289,0.30363697030363695,0.45232013622818218,0.58484397972230462,0,0,0,0,0,3.6455672678230713e-05,,,3.8307182349158835e-05,4.3614254200492623e-08
iid_boundary_strong_b1000,boundary_strong,1000,0.94999999999999996,pilot50_normal,normal,500,500,10000,1000,11000,11000,False,0.050000000000000003,2000,-0.00012267324180510663,0.0001701062064784901,5.7858355567777892e-05,1.8299870097995369e-06,0.0076064680087263824,0.00012029150768136523,0.95499999999999996,0.0046354611421087349,0.94497474715254914,0.96366204268873812,0.030008567936618376,5.1380039808151187e-05,0.45819006166310955,0.3676758195227971,0.45835136222510686,0.54530093857016759,0,0,0,0,0,5.7872242965005419e-05,5.8948394930070701e-05,2.0024836401007652e-07,5.888350079783211e-05,2.9481815622201861e-08
iid_boundary_strong_b1000,boundary_strong,1000,0.94999999999999996,pilot50_eb,empirical_bernstein,500,500,10000,1000,11000,11000,True,0.050000000000000003,2000,-0.00012267324180510663,0.0001701062064784901,5.7858355567777892e-05,1.8299870097995369e-06,0.0076064680087263824,0.00012029150768136523,1,0,0.99815726020659401,1,0.12677193213920646,0.00013266881450601917,0.45819006166310955,0.3676758195227971,0.45835136222510686,0.54530093857016759,0,0,0,0,0,5.7872242965005419e-05,,,5.888350079783211e-05,2.9481815622201861e-08
iid_uninformative_b0020,uninformative,20,0.5,human_normal,normal,0,20,200,20,0,220,False,0.050000000000000003,2000,-0.00027499999999999335,0.002513462936959233,0.012628749999999999,0.00037584259078139693,0.1123777113132315,0.0016722292454141871,0.95999999999999996,0.0043817804600413306,0.95046165775253377,0.96815744268890191,0.43783767665309642,0.00036545844179084011,0,0,0,0,1,0,0,0,0,0.01263499187093547,0.012493223684210528,1.9781188988494595e-05,0.012500000000000002,3.8799297181565286e-20
iid_uninformative_b0020,uninformative,20,0.5,human_eb,empirical_bernstein,0,20,200,20,0,220,True,0.050000000000000003,2000,-0.00027499999999999335,0.002513462936959233,0.012628749999999999,0.00037584259078139693,0.1123777113132315,0.0016722292454141871,1,0,0.99815726020659401,1,1.7376162077739137,0.00055200423728755206,0,0,0,0,1,0,0,0.99850000000000005,0,0.01263499187093547,,,0.012500000000000002,3.8799297181565286e-20
iid_uninformative_b0020,uninformative,20,0.5,same_audit_normal,normal,0,20,200,20,220,220,False,0.050000000000000003,2000,-0.00042884200506108341,0.002553205145305801,0.013031378076983322,0.00038906102926807349,0.11415506154780576,0.001704090138417309,0.94399999999999995,0.0051412060841790827,0.9330048128634838,0.95366939142678264,0.43245916326575207,0.00045510468222522923,0.082586111842444035,0,0,0.27490984844961441,0.52949999999999997,0,0,0,0,0.013037713028032034,0.012198162863681368,2.4294478390188186e-05,,
iid_uninformative_b0020,uninformative,20,0.5,same_audit_grid_eb,empirical_bernstein,0,20,200,20,220,220,True,0.050000000000000003,2000,-0.00027499999999999335,0.002513462936959233,0.012628749999999999,0.00037584259078139693,0.1123777113132315,0.0016722292454141871,1,0,0.99815726020659401,1,2.458638976261192,0.00068177802388253187,0,0,0,0,1,0,0,1,0,0.01263499187093547,,,,
iid_uninformative_b0020,uninformative,20,0.5,pilot20_normal,normal,4,16,200,20,220,220,False,0.050000000000000003,2000,-0.0012581018518518533,0.0029666364793339097,0.017594645889298505,0.00056036846338082525,0.13264481101535222,0.0021122894257656582,0.92900000000000005,0.0057427780733718048,0.91685293363904663,0.93987021290952155,0.51343916982530891,0.0013702193054593152,0.17445987654320988,0,0,0.61728395061728392,0.68049999999999999,0.155,0,0,0.00050000000000000001,0.017601864001029387,0.017400479738303668,0.00010238012775287704,0.017401813271604935,7.9188717626288446e-05
iid_uninformative_b0020,uninformative,20,0.5,pilot20_eb,empirical_bernstein,4,16,200,20,220,220,True,0.050000000000000003,2000,-0.0012581018518518533,0.0029666364793339097,0.017594645889298505,0.00056036846338082525,0.13264481101535222,0.0021122894257656582,1,0,0.99815726020659401,1,2.5603810106229656,0.016200982998776224,0.17445987654320988,0,0,0.61728395061728392,0.68049999999999999,0.155,0,0.99950000000000006,0.00050000000000000001,0.017601864001029387,,,0.017401813271604935,7.9188717626288446e-05
iid_uninformative_b0020,uninformative,20,0.5,pilot50_normal,normal,10,10,200,20,220,220,False,0.050000000000000003,2000,-0.00047199263038549198,0.0036243601403337044,0.026259059644295799,0.00079154865939642472,0.16204647371755979,0.0024423507690024184,0.89500000000000002,0.0068547428835806813,0.88073104613010256,0.90809861996482666,0.63005247927240682,0.0016339885072058531,0.12443216175359031,0,0,0.3968253968253968,0.57350000000000001,0.0060000000000000001,0.0015,0,0,0.0262719728536795,0.026181674227184145,0.00012910285045711985,0.026281155528560637,6.2138912952961555e-05
iid_uninformative_b0020,uninformative,20,0.5,pilot50_eb,empirical_bernstein,10,10,200,20,220,220,True,0.050000000000000003,2000,-0.00047199263038549198,0.0036243601403337044,0.026259059644295799,0.00079154865939642472,0.16204647371755979,0.0024423507690024184,1,0,0.99815726020659401,1,3.7775471851522671,0.01742590108316815,0.12443216175359031,0,0,0.3968253968253968,0.57350000000000001,0.0060000000000000001,0,1,0,0.0262719728536795,,,0.026281155528560637,6.2138912952961555e-05
iid_uninformative_b0200,uninformative,200,0.5,human_normal,normal,0,200,2000,200,0,2200,False,0.050000000000000003,2000,-0.00040999999999999446,0.00077735486767315464,0.0012081250000000004,3.7974574900279366e-05,0.03475809258287918,0.00054626954585799872,0.94399999999999995,0.0051412060841790827,0.9330048128634838,0.95366939142678264,0.13860123328118454,1.0623981836995583e-05,0,0,0,0,1,0,0,0,0,0.0012085611805902957,0.0012502104271356785,1.9082700954914168e-07,0.00125,0
iid_uninformative_b0200,uninformative,200,0.5,human_eb,empirical_bernstein,0,200,2000,200,0,2200,True,0.050000000000000003,2000,-0.00040999999999999446,0.00077735486767315464,0.0012081250000000004,3.7974574900279366e-05,0.03475809258287918,0.00054626954585799872,1,0,0.99815726020659401,1,0.31211039113818134,1.6046921675006693e-05,0,0,0,0,1,0,0,0,0,0.0012085611805902957,,,0.00125,0
iid_uninformative_b0200,uninformative,200,0.5,same_audit_normal,normal,0,200,2000,200,2200,2200,False,0.050000000000000003,2000,-0.00039302792254838215,0.00077787505630065601,0.0012097285877741852,3.8072712074402674e-05,0.03478115276660889,0.00054731814569058501,0.94699999999999995,0.0050095408971282014,0.93625720700122728,0.95640695640742357,0.13846208902786383,1.2830738587572596e-05,0.024021621887060536,0,0,0.078658282448026598,0.51149999999999995,0,0,0,0,0.0012101792064294974,0.0012477082329866924,2.3025691952926218e-07,,
iid_uninformative_b0200,uninformative,200,0.5,same_audit_grid_eb,empirical_bernstein,0,200,2000,200,2200,2200,True,0.050000000000000003,2000,-0.00040999999999999446,0.00077735486767315464,0.0012081250000000004,3.7974574900279366e-05,0.03475809258287918,0.00054626954585799872,1,0,0.99815726020659401,1,0.41532446749703295,1.9819482913289351e-05,0,0,0,0,1,0,0,0,0,0.0012085611805902957,,,,
iid_uninformative_b0200,uninformative,200,0.5,pilot20_normal,normal,40,160,2000,200,2200,2200,False,0.050000000000000003,2000,-0.00042213408988828145,0.00087125225465325745,0.0015175800991753766,4.8372079889540198e-05,0.038956130444069731,0.00062085324361192879,0.95450000000000002,0.0046599222096511432,0.94442780899342083,0.96321072190118251,0.15584313899970642,5.630676440841518e-05,0.05598451693655123,0,0,0.18708914542247881,0.53849999999999998,0,0,0,0,0.0015181609824767692,0.0015810023509425983,1.1819039436423818e-06,0.0015794337733992126,8.7417679792565967e-07
iid_uninformative_b0200,uninformative,200,0.5,pilot20_eb,empirical_bernstein,40,160,2000,200,2200,2200,True,0.050000000000000003,2000,-0.00042213408988828145,0.00087125225465325745,0.0015175800991753766,4.8372079889540198e-05,0.038956130444069731,0.00062085324361192879,1,0,0.99815726020659401,1,0.39453618819178066,0.00085596617688422927,0.05598451693655123,0,0,0.18708914542247881,0.53849999999999998,0,0,0,0,0.0015181609824767692,,,0.0015794337733992126,8.7417679792565967e-07
iid_uninformative_b0200,uninformative,200,0.5,pilot50_normal,normal,100,100,2000,200,2200,2200,False,0.050000000000000003,2000,0.0021138296060676256,0.0011149684253686104,0.002489534300151836,7.7322170190831794e-05,0.049895233240779983,0.0007748452624491937,0.94499999999999995,0.005097793640389931,0.93408802180001282,0.95458284707851027,0.19642122236538437,4.4242531394169425e-05,0.036392941870527135,0,0,0.11890972605258322,0.51400000000000001,0,0,0,0,0.0024863091791379171,0.0025111039348787315,1.1315082958143997e-06,0.002510762944972318,5.5445126862810806e-07
iid_uninformative_b0200,uninformative,200,0.5,pilot50_eb,empirical_bernstein,100,100,2000,200,2200,2200,True,0.050000000000000003,2000,0.0021138296060676256,0.0011149684253686104,0.002489534300151836,7.7322170190831794e-05,0.049895233240779983,0.0007748452624491937,1,0,0.99815726020659401,1,0.54177780458319336,0.00095392958695386415,0.036392941870527135,0,0,0.11890972605258322,0.51400000000000001,0,0,0,0,0.0024863091791379171,,,0.002510762944972318,5.5445126862810806e-07
iid_uninformative_b1000,uninformative,1000,0.5,human_normal,normal,0,1000,10000,1000,0,11000,False,0.050000000000000003,2000,-0.00029499999999999877,0.00035712218585214506,0.00025503200000000031,8.6721634957978627e-06,0.015969721350105028,0.00027151893591871687,0.9415,0.0052477495176503994,0.9303006442029863,0.95138185200879655,0.061978860115754188,1.0775726518051904e-06,0,0,0,0,1,0,0,0,0,0.00025507251125562812,0.00024999496296296297,8.6808443401379169e-09,0.00025000000000000011,2.4249560738478304e-21
iid_uninformative_b1000,uninformative,1000,0.5,human_eb,empirical_bernstein,0,1000,10000,1000,0,11000,True,0.050000000000000003,2000,-0.00029499999999999877,0.00035712218585214506,0.00025503200000000031,8.6721634957978627e-06,0.015969721350105028,0.00027151893591871687,0.99850000000000005,0.00086537564097909124,0.99562267989547037,0.99969055705068766,0.11408547858421202,1.6276123404533866e-06,0,0,0,0,1,0,0,0,0,0.00025507251125562812,,,0.00025000000000000011,2.4249560738478304e-21
iid_uninformative_b1000,uninformative,1000,0.5,same_audit_normal,normal,0,1000,10000,1000,11000,11000,False,0.050000000000000003,2000,-0.00029500164330360399,0.00035712690232029317,0.00025503873506696749,8.6626125210903122e-06,0.015969932218609054,0.00027121632084938202,0.94199999999999995,0.0052266624149642591,0.93084104825082936,0.95183979467726398,0.061964319577518592,1.3153689782844217e-06,0.011690523673439295,0,0,0.038191665651191205,0.50900000000000001,0,0,0,0,0.00025507924872177648,0.00024987775078322782,1.0594994467702422e-08,,
iid_uninformative_b1000,uninformative,1000,0.5,same_audit_grid_eb,empirical_bernstein,0,1000,10000,1000,11000,11000,True,0.050000000000000003,2000,-0.00029499999999999877,0.00035712218585214506,0.00025503200000000031,8.6721634957978627e-06,0.015969721350105028,0.00027151893591871687,1,0,0.99815726020659401,1,0.14685023923720628,2.0102568968924208e-06,0,0,0,0,1,0,0,0,0,0.00025507251125562812,,,,
iid_uninformative_b1000,uninformative,1000,0.5,pilot20_normal,normal,200,800,10000,1000,11000,11000,False,0.050000000000000003,2000,-0.00018096089971396691,0.00039640026655761814,0.00031414195632979979,1.0244076845403168e-05,0.01772405022363116,0.00028898803366470162,0.95099999999999996,0.0048269555622566093,0.94060735487531066,0.96004324307504108,0.069379234301145828,5.0523819393644054e-06,0.027696732802660735,0,0.0012999405121168568,0.087988905783806429,0.495,0,0,0,0,0.00031426634265390146,0.00031326179743763828,4.585593140798429e-08,0.00031325429668716453,3.6226790665677274e-08
iid_uninformative_b1000,uninformative,1000,0.5,pilot20_eb,empirical_bernstein,200,800,10000,1000,11000,11000,True,0.050000000000000003,2000,-0.00018096089971396691,0.00039640026655761814,0.00031414195632979979,1.0244076845403168e-05,0.01772405022363116,0.00028898803366470162,1,0,0.99815726020659401,1,0.13820954986555994,0.00018183001412139496,0.027696732802660735,0,0.0012999405121168568,0.087988905783806429,0.495,0,0,0,0,0.00031426634265390146,,,0.00031325429668716453,3.6226790665677274e-08
iid_uninformative_b1000,uninformative,1000,0.5,pilot50_normal,normal,500,500,10000,1000,11000,11000,False,0.050000000000000003,2000,-0.00028041365714153945,0.00050142309195074116,0.00050267744098485311,1.6915517059269115e-05,0.022420469240960438,0.00037723378751515588,0.95599999999999996,0.0045860658521220581,0.9460695383023412,0.96456375535324101,0.087691331577128717,4.5670378991433925e-06,0.017304001029818616,0,0,0.05607712395193757,0.504,0,0,0,0,0.00050285023428288291,0.00050044863732217118,5.2157681774505689e-08,0.00050048054485214385,2.37644685602283e-08
iid_uninformative_b1000,uninformative,1000,0.5,pilot50_eb,empirical_bernstein,500,500,10000,1000,11000,11000,True,0.050000000000000003,2000,-0.00028041365714153945,0.00050142309195074116,0.00050267744098485311,1.6915517059269115e-05,0.022420469240960438,0.00037723378751515588,1,0,0.99815726020659401,1,0.18305532217261572,0.0002212426429358937,0.017304001029818616,0,0,0.05607712395193757,0.504,0,0,0,0,0.00050285023428288291,,,0.00050048054485214385,2.37644685602283e-08
iid_perfect_b0020,perfect,20,0.5,human_normal,normal,0,20,200,20,0,220,False,0.050000000000000003,2000,-0.0018999999999999935,0.0025497932706126255,0.012999999999999999,0.00040807721512815852,0.11401754250991379,0.0017895369701231561,0.95050000000000001,0.0048502448391808013,0.94006268384157354,0.95958962207345233,0.43743077136580805,0.0004019071658988216,0,0,0,0,1,0,0,0,0,0.01300289144572286,0.012473684210526319,2.1477748164639933e-05,0.012500000000000002,3.8799297181565286e-20
iid_perfect_b0020,perfect,20,0.5,human_eb,empirical_bernstein,0,20,200,20,0,220,True,0.050000000000000003,2000,-0.0018999999999999935,0.0025497932706126255,0.012999999999999999,0.00040807721512815852,0.11401754250991379,0.0017895369701231561,1,0,0.99815726020659401,1,1.7370016004285276,0.00060705796666027715,0,0,0,0,1,0,0,0.99650000000000005,0,0.01300289144572286,,,0.012500000000000002,3.8799297181565286e-20
iid_perfect_b0020,perfect,20,0.5,same_audit_normal,normal,0,20,200,20,220,220,False,0.050000000000000003,2000,-0.00031016044984619553,0.00074886428430625868,0.0011211308344073899,3.5458586151011793e-05,0.033483291869339696,0.00052949671569599841,0.95399999999999996,0.0046842288586276416,0.94388116945656364,0.96275909796563097,0.1320989916530648,1.6751926931902158e-05,0.9083191814306637,0.89852417565405851,0.91204110920790693,0.91313054187644205,0,0,0,0,0,0.0011215954326190501,0.0011356821316965237,2.8528636718421388e-07,,
iid_perfect_b0020,perfect,20,0.5,same_audit_grid_eb,empirical_bernstein,0,20,200,20,220,220,True,0.050000000000000003,2000,-0.0018999999999999935,0.0025497932706126255,0.012999999999999999,0.00040807721512815852,0.11401754250991379,0.0017895369701231561,1,0,0.99815726020659401,1,2.4578798774117705,0.00074977464471199791,0,0,0,0,1,0,0,1,0,0.01300289144572286,,,,
iid_perfect_b0020,perfect,20,0.5,pilot20_normal,normal,4,16,200,20,220,220,False,0.050000000000000003,2000,0.00048726851851852403,0.0012772814398907277,0.0032615017361111117,0.00023728314163278289,0.057109559060730911,0.0020774380465838783,0.95050000000000001,0.0048502448391808013,0.94006268384157354,0.95958962207345233,0.17952248996618225,0.002674763911859222,0.80509259259259236,0,0.92592592592592593,0.92592592592592593,0.1305,0.1305,0,0,0,0.0032628957533786616,0.0030281395806837689,0.00010881665935186966,0.0030454282407407396,0.00010900085949951214
iid_perfect_b0020,perfect,20,0.5,pilot20_eb,empirical_bernstein,4,16,200,20,220,220,True,0.050000000000000003,2000,0.00048726851851852403,0.0012772814398907277,0.0032615017361111117,0.00023728314163278289,0.057109559060730911,0.0020774380465838783,1,0,0.99815726020659401,1,3.2463869116015802,0.0099477736619299692,0.80509259259259236,0,0.92592592592592593,0.92592592592592593,0.1305,0.1305,0,1,0,0.0032628957533786616,,,0.0030454282407407396,0.00010900085949951214
iid_perfect_b0020,perfect,20,0.5,pilot50_normal,normal,10,10,200,20,220,220,False,0.050000000000000003,2000,-4.2857142857138628e-05,0.00080012152971315593,0.0012797505668934246,7.9641487421907867e-05,0.035773601536516063,0.0011131320862482,0.95799999999999996,0.0044853093538796199,0.94826292028151038,0.96636332088690613,0.13685741309650454,0.00060786304220165465,0.94904761904761914,0.95238095238095233,0.95238095238095233,0.95238095238095233,0.0035000000000000001,0.0035000000000000001,0,0,0,0.0012803889246210413,0.00126700414392446,2.9262747662702812e-05,0.0012738095238095236,3.1449734700751338e-05
iid_perfect_b0020,perfect,20,0.5,pilot50_eb,empirical_bernstein,10,10,200,20,220,220,True,0.050000000000000003,2000,-4.2857142857138628e-05,0.00080012152971315593,0.0012797505668934246,7.9641487421907867e-05,0.035773601536516063,0.0011131320862482,1,0,0.99815726020659401,1,5.5052214620096427,0.003102482305563719,0.94904761904761914,0.95238095238095233,0.95238095238095233,0.95238095238095233,0.0035000000000000001,0.0035000000000000001,0,1,0,0.0012803889246210413,,,0.0012738095238095236,3.1449734700751338e-05
iid_perfect_b0200,perfect,200,0.5,human_normal,normal,0,200,2000,200,0,2200,False,0.050000000000000003,2000,-0.0004699999999999944,0.00081261597471448993,0.0013202500000000005,4.1886218752839266e-05,0.036335244598048329,0.00057638553443354408,0.93999999999999995,0.005310367218940704,0.92868068040411589,0.95000676119550542,0.13856981837356552,1.1732551723502124e-05,0,0,0,0,1,0,0,0,0,0.0013206894447223615,0.0012496469849246231,2.1048351132079951e-07,0.00125,0
iid_perfect_b0200,perfect,200,0.5,human_eb,empirical_bernstein,0,200,2000,200,0,2200,True,0.050000000000000003,2000,-0.0004699999999999944,0.00081261597471448993,0.0013202500000000005,4.1886218752839266e-05,0.036335244598048329,0.00057638553443354408,1,0,0.99815726020659401,1,0.31206294070295609,1.7721353579445228e-05,0,0,0,0,1,0,0,0,0,0.0013206894447223615,,,0.00125,0
iid_perfect_b0200,perfect,200,0.5,same_audit_normal,normal,0,200,2000,200,2200,2200,False,0.050000000000000003,2000,-0.00037610987698369249,0.00024253794417147044,0.00011773194271104843,3.6723637677308693e-06,0.010850435139248953,0.000169226566520219,0.9425,0.0052054658773254868,0.93138166452872462,0.95229752261974931,0.041785568869709994,4.5229686305760009e-07,0.90906479162207021,0.90828279179795468,0.90930241782061438,0.9094982002187505,0,0,0,0,0,0.00011764930872584666,0.00011363093138599046,2.4587585201570091e-09,,
iid_perfect_b0200,perfect,200,0.5,same_audit_grid_eb,empirical_bernstein,0,200,2000,200,2200,2200,True,0.050000000000000003,2000,-0.0003677500000000139,0.00025463967316646704,0.00012975312499999996,4.1413026919056766e-06,0.011390922921343994,0.00018178082322661577,1,0,0.99815726020659401,1,0.39660369587739946,5.9064847848797716e-07,1,1,1,1,0,0,0,0,0,0.00012968272630065029,,,,
iid_perfect_b0200,perfect,200,0.5,pilot20_normal,normal,40,160,2000,200,2200,2200,False,0.050000000000000003,2000,-0.00038587962962964193,0.00024515893096621583,0.00012029460305212619,3.8021521080738034e-06,0.010967889635300229,0.00017333107072105058,0.94399999999999995,0.0051412060841790827,0.9330048128634838,0.95366939142678264,0.042170526585351149,4.672491271394129e-07,0.9259259259259256,0.92592592592592593,0.92592592592592593,0.92592592592592593,0,0,0,0,0,0.00012020580286499559,0.00011573427127025943,2.5634841282785217e-09,0.00011574074074074072,6.0623901846195759e-22
iid_perfect_b0200,perfect,200,0.5,pilot20_eb,empirical_bernstein,40,160,2000,200,2200,2200,True,0.050000000000000003,2000,-0.00038587962962964193,0.00024515893096621583,0.00012029460305212619,3.8021521080738034e-06,0.010967889635300229,0.00017333107072105058,1,0,0.99815726020659401,1,0.38246502694687196,2.092343201142541e-06,0.9259259259259256,0.92592592592592593,0.92592592592592593,0.92592592592592593,0,0,0,0,0,0.00012020580286499559,,,0.00011574074074074072,6.0623901846195759e-22
iid_perfect_b0200,perfect,200,0.5,pilot50_normal,normal,100,100,2000,200,2200,2200,False,0.050000000000000003,2000,-0.00036976190476191852,0.00024842764419451084,0.00012350759637188208,3.8613734371452984e-06,0.011113397157119963,0.00017372606155227036,0.93999999999999995,0.005310367218940704,0.92868068040411589,0.95000676119550542,0.042769169644749229,4.6846183398954066e-07,0.95238095238095244,0.95238095238095233,0.95238095238095233,0.95238095238095233,0,0,0,0,0,0.00012343258880006896,0.00011904346735027193,2.6066933513983253e-09,0.0001190476190476191,1.2124780369239152e-21
iid_perfect_b0200,perfect,200,0.5,pilot50_eb,empirical_bernstein,100,100,2000,200,2200,2200,True,0.050000000000000003,2000,-0.00036976190476191852,0.00024842764419451084,0.00012350759637188208,3.8613734371452984e-06,0.011113397157119963,0.00017372606155227036,1,0,0.99815726020659401,1,0.56137468423924752,2.4895236124281978e-06,0.95238095238095244,0.95238095238095233,0.95238095238095233,0.95238095238095233,0,0,0,0,0,0.00012343258880006896,,,0.0001190476190476191,1.2124780369239152e-21
iid_perfect_b1000,perfect,1000,0.5,human_normal,normal,0,1000,10000,1000,0,11000,False,0.050000000000000003,2000,-2.6499999999998635e-05,0.00035257205277957118,0.00024849050000000036,8.0806131022917754e-06,0.015763581445851712,0.00025630638348426337,0.9415,0.0052477495176503994,0.9303006442029863,0.95138185200879655,0.061979674285316304,1.0037763944864815e-06,0,0,0,0,1,0,0,0,0,0.00024861410480240154,0.00025000151101101103,8.0887018040958242e-09,0.00025000000000000011,2.4249560738478304e-21
iid_perfect_b1000,perfect,1000,0.5,human_eb,empirical_bernstein,0,1000,10000,1000,0,11000,True,0.050000000000000003,2000,-2.6499999999998635e-05,0.00035257205277957118,0.00024849050000000036,8.0806131022917754e-06,0.015763581445851712,0.00025630638348426337,0.999,0.00070675313936338516,0.99639237143017145,0.99987887240944318,0.11408670834113309,1.5161472815638773e-06,0,0,0,0,1,0,0,0,0,0.00024861410480240154,,,0.00025000000000000011,2.4249560738478304e-21
iid_perfect_b1000,perfect,1000,0.5,same_audit_normal,normal,0,1000,10000,1000,11000,11000,False,0.050000000000000003,2000,0.00010659259178957123,0.00010504795938245563,2.2070474447690093e-05,6.8477298330949899e-07,0.0046979223543700778,7.2880406662374151e-05,0.95499999999999996,0.0046354611421087349,0.94497474715254914,0.96366204268873812,0.018687538873107132,3.7832009228259686e-08,0.90909113306899647,0.90894688380067423,0.9091358558033088,0.90917191293989508,0,0,0,0,0,2.2070147540836096e-05,2.2727310658238301e-05,9.2012084516851632e-11,,
iid_perfect_b1000,perfect,1000,0.5,same_audit_grid_eb,empirical_bernstein,0,1000,10000,1000,11000,11000,True,0.050000000000000003,2000,0.00011989999999999798,0.00011099971830474106,2.4643930000000002e-05,7.6706776480663857e-07,0.0049642653031440618,7.7258941451096983e-05,1,0,0.99815726020659401,1,0.096680445762804601,4.8886448856637675e-08,1,1,1,1,0,0,0,0,0,2.4641874927463738e-05,,,,
iid_perfect_b1000,perfect,1000,0.5,pilot20_normal,normal,200,800,10000,1000,11000,11000,False,0.050000000000000003,2000,0.0001212037037037012,0.00010590667680314269,2.2435922496570653e-05,6.988231155678821e-07,0.0047366573125539333,7.3767540002918995e-05,0.95399999999999996,0.0046842288586276416,0.94388116945656364,0.96275909796563097,0.018859787850067932,3.8700867523047581e-08,0.9259259259259256,0.92592592592592593,0.92592592592592593,0.92592592592592593,0,0,0,0,0,2.2432448382970643e-05,2.3148211223003253e-05,9.4992798365336776e-11,2.3148148148148154e-05,7.5779877307744699e-23
iid_perfect_b1000,perfect,1000,0.5,pilot20_eb,empirical_bernstein,200,800,10000,1000,11000,11000,True,0.050000000000000003,2000,0.0001212037037037012,0.00010590667680314269,2.2435922496570653e-05,6.988231155678821e-07,0.0047366573125539333,7.3767540002918995e-05,1,0,0.99815726020659401,1,0.097125435175504857,1.7405551242015964e-07,0.9259259259259256,0.92592592592592593,0.92592592592592593,0.92592592592592593,0,0,0,0,0,2.2432448382970643e-05,,,2.3148148148148154e-05,7.5779877307744699e-23
iid_perfect_b1000,perfect,1000,0.5,pilot50_normal,normal,500,500,10000,1000,11000,11000,False,0.050000000000000003,2000,0.0001193809523809502,0.00010813601989179402,2.3389356009070293e-05,7.296291359153922e-07,0.0048362543366814665,7.5433288359276826e-05,0.95550000000000002,0.0046108431983748911,0.94552198864251669,0.964113055495469,0.019127310143108246,3.9922072535456902e-08,0.95238095238095244,0.95238095238095233,0.95238095238095233,0.95238095238095233,0,0,0,0,0,2.3386797596076949e-05,2.3809574277207418e-05,9.9380582653636631e-11,2.3809523809523814e-05,7.5779877307744699e-23
iid_perfect_b1000,perfect,1000,0.5,pilot50_eb,empirical_bernstein,500,500,10000,1000,11000,11000,True,0.050000000000000003,2000,0.0001193809523809502,0.00010813601989179402,2.3389356009070293e-05,7.296291359153922e-07,0.0048362543366814665,7.5433288359276826e-05,1,0,0.99815726020659401,1,0.13204947694999139,2.2182795409075803e-07,0.95238095238095244,0.95238095238095233,0.95238095238095233,0.95238095238095233,0,0,0,0,0,2.3386797596076949e-05,,,2.3809523809523814e-05,7.5779877307744699e-23
