scenario,profile,prevalence,n_labeled,n_unlabeled,prediction_audit_ratio,repetitions,population_mse_difference,population_mse_difference_mcse,pool_mse_difference,pool_mse_difference_mcse
iid_p050_positive_n0020_r005,positive,0.5,20,10,0.5,1000,0.010258174149587648,0.0007691658817528373,-0.011540712899680965,0.0008345878664261141
iid_p050_positive_n0020_r010,positive,0.5,20,20,1.0,1000,0.004671543606679896,0.00045066801149029216,-0.004403663835790271,0.0004112871088692501
iid_p050_positive_n0020_r100,positive,0.5,20,200,10.0,1000,0.00012631438388658537,5.178530048275981e-05,-3.725775244328682e-05,4.798936747657631e-05
iid_p050_positive_n0200_r005,positive,0.5,200,100,0.5,1000,0.001176250909032571,8.170103957491092e-05,-0.0011833100825975743,8.96018212784845e-05
iid_p050_positive_n0200_r010,positive,0.5,200,200,1.0,1000,0.00042686658466650393,4.2510159912614005e-05,-0.0003994357511669355,3.6350729815632884e-05
iid_p050_positive_n0200_r100,positive,0.5,200,2000,10.0,1000,1.2360559274865142e-05,3.827083462540018e-06,-4.086643677098663e-06,3.576271940319834e-06
iid_p050_inverse_n0020_r005,inverse,0.5,20,10,0.5,1000,0.010478097735811775,0.0007593269849083446,-0.01074708650490696,0.0007591347598999162
iid_p050_inverse_n0020_r010,inverse,0.5,20,20,1.0,1000,0.004156752973637981,0.000400570330235585,-0.004056644854905945,0.00040986381802309024
iid_p050_inverse_n0020_r100,inverse,0.5,20,200,10.0,1000,8.98967266463718e-05,4.088368968398644e-05,-8.573112531268785e-05,4.100739462261141e-05
iid_p050_inverse_n0200_r005,inverse,0.5,200,100,0.5,1000,0.0012067148563046075,8.173863631955801e-05,-0.0012654784835438187,9.15067808590967e-05
iid_p050_inverse_n0200_r010,inverse,0.5,200,200,1.0,1000,0.0003908259331979982,4.300930774952646e-05,-0.00040561482784363245,3.714802053126468e-05
iid_p050_inverse_n0200_r100,inverse,0.5,200,2000,10.0,1000,7.95756918145617e-06,3.474979566448894e-06,-9.047581800443974e-06,3.430277893581318e-06
iid_p050_uninformative_n0020_r005,uninformative,0.5,20,10,0.5,1000,0.0019709003789207943,0.0002898001316271811,0.0018522284003269442,0.0004574348256563683
iid_p050_uninformative_n0020_r010,uninformative,0.5,20,20,1.0,1000,0.0008913951514427258,0.00015075572381453153,0.0009483490464561278,0.0001955493837362412
iid_p050_uninformative_n0020_r100,uninformative,0.5,20,200,10.0,1000,8.431720023845689e-05,2.1803432104740086e-05,7.837258849074499e-05,2.0875601147027925e-05
iid_p050_uninformative_n0200_r005,uninformative,0.5,200,100,0.5,1000,2.0887569077102395e-05,7.052793656616543e-06,1.9477951998435497e-05,1.0902332548084407e-05
iid_p050_uninformative_n0200_r010,uninformative,0.5,200,200,1.0,1000,1.716134080400795e-05,4.270342461099354e-06,1.7956141715375717e-05,6.235471316667439e-06
iid_p050_uninformative_n0200_r100,uninformative,0.5,200,2000,10.0,1000,5.556060197414863e-07,5.204038261214347e-07,4.549250989843037e-07,5.267453358547167e-07
iid_p095_positive_n0020_r005,positive,0.95,20,10,0.5,1000,0.002180088891240129,0.00032846292830378943,0.0005048630609193173,0.00024634191113191695
iid_p095_positive_n0020_r010,positive,0.95,20,20,1.0,1000,0.0012317652513320248,0.00016218417538859482,0.0006547157782717201,0.00012182636728550973
iid_p095_positive_n0020_r100,positive,0.95,20,200,10.0,1000,9.583420010167068e-05,1.3019884706920211e-05,8.210554942782211e-05,1.1188570692176867e-05
iid_p095_positive_n0200_r005,positive,0.95,200,100,0.5,1000,0.00012998331671140351,1.3989732672870575e-05,-0.0001096186581424196,1.8346837309612914e-05
iid_p095_positive_n0200_r010,positive,0.95,200,200,1.0,1000,4.6125734323827564e-05,6.450099771804591e-06,-4.279649278735509e-05,7.5369044193054204e-06
iid_p095_positive_n0200_r100,positive,0.95,200,2000,10.0,1000,2.5531140380673083e-06,1.0121450090008937e-06,5.221763378789836e-07,9.640575954926232e-07
iid_p095_inverse_n0020_r005,inverse,0.95,20,10,0.5,1000,0.0027084610571960176,0.0003987520386024283,0.0008302151048205729,0.0002534654696325408
iid_p095_inverse_n0020_r010,inverse,0.95,20,20,1.0,1000,0.001248361027901239,0.00018781103113636215,0.00042856151355991854,0.00011097440340988
iid_p095_inverse_n0020_r100,inverse,0.95,20,200,10.0,1000,8.867551896281028e-05,1.2725880142233157e-05,7.409233355505815e-05,1.0882018250324217e-05
iid_p095_inverse_n0200_r005,inverse,0.95,200,100,0.5,1000,0.00012536209902542548,1.3390438436626576e-05,-0.00011729192393007216,1.7170267715351688e-05
iid_p095_inverse_n0200_r010,inverse,0.95,200,200,1.0,1000,6.530665280881008e-05,8.30697535579517e-06,-3.7067059834749185e-05,8.375281644818858e-06
iid_p095_inverse_n0200_r100,inverse,0.95,200,2000,10.0,1000,2.303214719123989e-06,9.68477621830347e-07,7.181440494824916e-07,9.188239966430915e-07
iid_p095_uninformative_n0020_r005,uninformative,0.95,20,10,0.5,1000,0.00037319739072672303,7.363469890466225e-05,0.00032214963075475554,0.00010142453113808915
iid_p095_uninformative_n0020_r010,uninformative,0.95,20,20,1.0,1000,0.00020742650328747425,3.9236800509047736e-05,0.00018902084625944566,4.7089111241488774e-05
iid_p095_uninformative_n0020_r100,uninformative,0.95,20,200,10.0,1000,0.00012171802485760804,7.793790096208934e-05,0.00012484022384000518,7.920250858135886e-05
iid_p095_uninformative_n0200_r005,uninformative,0.95,200,100,0.5,1000,1.0860868884390645e-07,1.2188658190071618e-06,-1.5702927147593974e-08,2.0782210709046437e-06
iid_p095_uninformative_n0200_r010,uninformative,0.95,200,200,1.0,1000,1.2463792710547794e-06,8.573994759460661e-07,4.858888973073184e-07,1.0520889712458845e-06
iid_p095_uninformative_n0200_r100,uninformative,0.95,200,2000,10.0,1000,1.7453440720332837e-07,1.0034571163937258e-07,1.782379090607228e-07,1.0243064696241882e-07
