labeled_fraction,method,mean_absolute_error,mean_squared_error,mean_interval_width,trials
0.2,human_only,0.06714227279753995,0.007153877532504263,,450
0.2,ppi,0.07292834019233296,0.008510050466753318,0.3217438854067853,450
0.2,raw_judge,0.08293459925949974,0.009227905012675144,,450
0.4,human_only,0.05492487380510274,0.0048206963694521,,450
0.4,ppi,0.05769404661389911,0.005404465429035608,0.25608679637391446,450
0.4,raw_judge,0.08398463807333081,0.009824005911314694,,450
0.6,human_only,0.05537512488915055,0.004968725732285712,,450
0.6,ppi,0.057720774879223224,0.0053040906606898,0.24560554056762632,450
0.6,raw_judge,0.0855947588512016,0.010590153682616251,,450
