scenario,method,validity_scope,interval_estimand,truth,native_truth,repetitions,n_labeled,n_unlabeled,audit_units,target_units,audit_labels_used,bias,bias_mcse,rmse,rmse_mcse,mean_width,mean_width_mcse,coverage,coverage_mcse,native_coverage,native_coverage_mcse,mean_standard_error,empirical_standard_deviation,mean_selected_power,mean_estimated_variance_ratio,undefined_variance_ratio_draws,zero_width_draws
iid_strong,raw_judge,same_population_iid,target_judge_positive_rate,0.6,0.61,1000,200,2000,200,2000,0,0.010510500000000032,0.0003429646694843574,0.015098932081442074,0.00030259036598635184,0.042741838612414866,6.868306416284919e-06,0.846,0.011414201680362933,0.954,0.006624499981130654,0.010903730616877922,0.010845495125374152,,,1000,0
iid_strong,human_only,same_population_iid,audit_human_preference_rate,0.6,0.6,1000,200,2000,200,2000,200,0.0017550000000000152,0.0010996837178385791,0.03480193960111994,0.0007629672700488274,0.13567164130209763,6.516823219068454e-05,0.952,0.006759881655768837,0.952,0.006759881655768837,0.034610748557692445,0.03477505254171846,0.0,1.0,0,0
iid_strong,ppi,same_population_iid,target_human_preference_rate_under_assumptions,0.6,0.6,1000,200,2000,200,2000,200,0.0015255000000000236,0.0006671549261194479,0.02114184831087388,0.00046877656099707005,0.08442163236377445,0.00026923602798472446,0.952,0.006759881655768837,0.952,0.006759881655768837,0.021536526443771797,0.021097291187388158,1.0,0.39111755343509913,0,0
iid_strong,ppi_tuned,same_population_iid,target_human_preference_rate_under_assumptions,0.6,0.6,1000,200,2000,200,2000,200,0.0016629550970313663,0.0006255009530414204,0.019840000263815827,0.00041474037520227504,0.0783613821394299,0.00022883109632733367,0.951,0.006826346021115546,0.951,0.006826346021115546,0.01999051583537618,0.019780076902169142,0.778919221457239,0.33639180522673984,0,0
iid_weak,raw_judge,same_population_iid,target_judge_positive_rate,0.6,0.56,1000,200,2000,200,2000,0,-0.040105499999999975,0.0003438282094121821,0.041551783956889236,0.0003437151441795858,0.04351085167974874,3.624958532546162e-06,0.049,0.006826346021115542,0.952,0.006759881655768837,0.011099911024630248,0.010872802655598387,,,1000,0
iid_weak,human_only,same_population_iid,audit_human_preference_rate,0.6,0.6,1000,200,2000,200,2000,200,-0.00025999999999998637,0.0010708777610816183,0.03384819049816401,0.0007545236891839964,0.1358057649722972,6.33129489922142e-05,0.954,0.006624499981130654,0.954,0.006624499981130654,0.034644964408406406,0.033864128206395325,0.0,1.0,0,0
iid_weak,ppi,same_population_iid,target_human_preference_rate_under_assumptions,0.6,0.6,1000,200,2000,200,2000,200,0.002769500000000029,0.0014750835539864312,0.04670509340532357,0.0010516495738218657,0.18840127645898289,0.00023842811850678227,0.96,0.00619677335393187,0.96,0.00619677335393187,0.048062433275577535,0.04664623769653069,1.0,1.9278910329470174,0,0
iid_weak,ppi_tuned,same_population_iid,target_human_preference_rate_under_assumptions,0.6,0.6,1000,200,2000,200,2000,200,6.315762054373953e-06,0.0010613290029254014,0.03354538527259787,0.0007545988886538011,0.1348541356692672,7.287918102108535e-05,0.95,0.006892024376045114,0.95,0.006892024376045114,0.034402197370201545,0.033562169960397764,0.09215778623895979,0.9860846806330638,0,0
iid_anticorrelated,raw_judge,same_population_iid,target_judge_positive_rate,0.6,0.4,1000,200,2000,200,2000,0,-0.199676,0.00034778510387662993,0.1999783450776608,0.00034700990579985343,0.04294592647886249,6.209625896308967e-06,0.0,0.0,0.95,0.006892024376045114,0.01095579480480623,0.010997930645284062,,,1000,0
iid_anticorrelated,human_only,same_population_iid,audit_human_preference_rate,0.6,0.6,1000,200,2000,200,2000,200,-0.0018799999999999828,0.0011359603892768472,0.035953442116159064,0.0007506899369860998,0.1358554232849848,6.472584236750649e-05,0.942,0.007391616873188169,0.942,0.007391616873188169,0.03465763257809711,0.03592222161846349,0.0,1.0,0,0
iid_anticorrelated,ppi,same_population_iid,target_human_preference_rate_under_assumptions,0.6,0.6,1000,200,2000,200,2000,200,-0.003560999999999969,0.002132070238641894,0.06748228286002186,0.0014351553392848812,0.2578075886259315,0.00016525086145096924,0.946,0.0071473071852271785,0.946,0.0071473071852271785,0.0657684505071228,0.06742198085567126,1.0,3.6019752973559354,0,0
iid_anticorrelated,ppi_tuned,same_population_iid,target_human_preference_rate_under_assumptions,0.6,0.6,1000,200,2000,200,2000,200,-0.0018799999999999828,0.0011359603892768472,0.035953442116159064,0.0007506899369860998,0.1358554232849848,6.472584236750649e-05,0.942,0.007391616873188169,0.942,0.007391616873188169,0.03465763257809711,0.03592222161846349,0.0,1.0,0,0
clustered_repeated_turns,raw_judge,same_population_independent_clusters,target_judge_positive_rate,0.6,0.61,1000,200,2000,50,500,0,0.009980000000000011,0.000720721193693539,0.024870062324007174,0.0005423523133754611,0.08549287321848345,2.9010051056732608e-05,0.914,0.008865889690267975,0.942,0.007391616873188169,0.021809807193611797,0.022791205300269658,,,1000,0
clustered_repeated_turns,human_only,same_population_independent_clusters,audit_human_preference_rate,0.6,0.6,1000,200,2000,50,500,200,0.001780000000000028,0.002337412050772199,0.07389993234097036,0.0014820700984696632,0.27082115634116577,0.000304994196485061,0.929,0.008121514637061239,0.929,0.008121514637061239,0.06908829919257914,0.07391545910765282,0.0,1.0,0,0
clustered_repeated_turns,ppi,same_population_independent_clusters,target_human_preference_rate_under_assumptions,0.6,0.6,1000,200,2000,50,500,200,0.0016600000000000115,0.0013721688114977865,0.043401843278828615,0.001079792371407966,0.16633912729055916,0.0010339774101859325,0.952,0.006759881655768837,0.952,0.006759881655768837,0.04243423057837311,0.04339178778579246,1.0,0.3929171964733823,0,0
clustered_repeated_turns,ppi_tuned,same_population_independent_clusters,target_human_preference_rate_under_assumptions,0.6,0.6,1000,200,2000,50,500,200,0.0022784318214940234,0.0013108069463664742,0.04149322700582776,0.0009959212974460002,0.15379254009826368,0.0008786278754553145,0.935,0.0077958322198467015,0.935,0.0077958322198467015,0.03923351176637928,0.04145135523288232,0.7779950477820505,0.3335335867270196,0,0
few_clusters,raw_judge,same_population_small_cluster_normal_stress,target_judge_positive_rate,0.6,0.61,1000,32,320,8,80,0,0.01095000000000002,0.0017202635864328485,0.05546395225729952,0.0012303133800169804,0.21359651146662176,0.00018241208465464025,0.938,0.00762600813007697,0.938,0.00762600813007697,0.05448990725121579,0.05439951108977733,,,1000,0
few_clusters,human_only,same_population_small_cluster_normal_stress,audit_human_preference_rate,0.6,0.6,1000,32,320,8,80,32,0.00025000000000001865,0.0056690674564539995,0.17918216987189323,0.0035495101029122526,0.6630404452289482,0.004078705218967157,0.822,0.012096115078817663,0.822,0.012096115078817663,0.16914607882056162,0.1792716537153206,0.0,1.0,25,25
few_clusters,ppi,same_population_small_cluster_normal_stress,target_human_preference_rate_under_assumptions,0.6,0.6,1000,32,320,8,80,32,0.0014500000000000218,0.0033011429906995918,0.10434917345144618,0.0025889835172586387,0.37541544994067155,0.006239836128814464,0.966,0.005730968504537434,0.966,0.005730968504537434,0.09577100724857718,0.10439130732510753,1.0,0.3991792506298203,25,0
few_clusters,ppi_tuned,same_population_small_cluster_normal_stress,target_human_preference_rate_under_assumptions,0.6,0.6,1000,32,320,8,80,32,0.008066297408642686,0.003775969018687398,0.11961918425545986,0.0038887183394030684,0.3297651078814716,0.005290926357339798,0.901,0.009444522221901962,0.901,0.009444522221901962,0.08412529783266853,0.11940662473283076,0.7584305779674506,0.30225851870510023,25,25
prevalence_shift,raw_judge,assumption_violation_prevalence_shift_stable_confusion,target_judge_positive_rate,0.75,0.7250000000000001,1000,200,2000,200,2000,0,-0.024910499999999995,0.0003179415458485675,0.026861101057104864,0.0003080997109033565,0.03913137529528014,1.4062178524139756e-05,0.3,0.014491376746189439,0.948,0.007021111023192843,0.00998267713181044,0.010054194476763255,,,1000,0
prevalence_shift,human_only,assumption_violation_prevalence_shift_stable_confusion,audit_human_preference_rate,0.75,0.4,1000,200,2000,200,2000,200,-0.35073000000000004,0.0010659283762539128,0.3523444337576514,0.0010713279632063868,0.1357516063282584,6.486263309547572e-05,0.0,0.0,0.95,0.006892024376045114,0.03463114817390771,0.033707614915673034,0.0,1.0,0,0
prevalence_shift,ppi,assumption_violation_prevalence_shift_stable_confusion,target_human_preference_rate_under_assumptions,0.75,0.75,1000,200,2000,200,2000,200,-0.10476049999999999,0.0009234658515229074,0.10875062643497736,0.0009150122153479958,0.11521637214996414,0.000254518660196196,0.042,0.0063431853196954605,0.042,0.0063431853196954605,0.029392471764475306,0.029202554321992598,1.0,0.7246965782467449,0,0
prevalence_shift,ppi_tuned,assumption_violation_prevalence_shift_stable_confusion,target_human_preference_rate_under_assumptions,0.75,0.75,1000,200,2000,200,2000,200,-0.19754010995598884,0.0010444319608893305,0.20027941063481874,0.001048832536461126,0.10156673278225102,0.0001784676707611767,0.0,0.0,0.0,0.0,0.025910356920687435,0.03302783857486184,0.6229406552476987,0.5617878062630305,0,0
conditional_error_shift,raw_judge,assumption_violation_conditional_judge_error_shift,target_judge_positive_rate,0.6,0.54,1000,200,2000,200,2000,0,-0.06024249999999998,0.0003628520433390937,0.061324454746862586,0.0003602776097102213,0.043686639372680955,2.572288311070665e-06,0.0,0.0,0.947,0.007084560677981384,0.011144755647878122,0.011474389105976646,,,1000,0
conditional_error_shift,human_only,assumption_violation_conditional_judge_error_shift,audit_human_preference_rate,0.6,0.6,1000,200,2000,200,2000,200,0.000890000000000016,0.0011110546081729478,0.0351283361405006,0.0007800568279178118,0.13571476979897068,6.432808312782309e-05,0.949,0.006956938982052382,0.949,0.006956938982052382,0.03462175092743323,0.035134631666524446,0.0,1.0,0,0
conditional_error_shift,ppi,assumption_violation_conditional_judge_error_shift,target_human_preference_rate_under_assumptions,0.6,0.6,1000,200,2000,200,2000,200,-0.07058249999999998,0.0007192647534361294,0.07415331246815612,0.0007034677287431316,0.08478258401515376,0.0002624424891436934,0.098,0.009401914698613257,0.098,0.009401914698613257,0.021628607638688253,0.022745148615375896,1.0,0.39413817571303333,0,0
conditional_error_shift,ppi_tuned,assumption_violation_conditional_judge_error_shift,target_human_preference_rate_under_assumptions,0.6,0.6,1000,200,2000,200,2000,200,-0.0544656943457997,0.0006782693019618143,0.05853290576511524,0.0006552582817328053,0.07860470094329458,0.00022178698210743403,0.239,0.01348625225924534,0.239,0.01348625225924534,0.020052588099403464,0.02144875861171846,0.7767138320533925,0.33819874147590795,0,0
