scenario,method,validity_scope,interval_estimand,truth,native_truth,repetitions,n_labeled,n_unlabeled,audit_units,target_units,audit_labels_used,bias,bias_mcse,rmse,rmse_mcse,mean_width,mean_width_mcse,coverage,coverage_mcse,native_coverage,native_coverage_mcse,mean_standard_error,empirical_standard_deviation,mean_selected_power,mean_estimated_variance_ratio,undefined_variance_ratio_draws,zero_width_draws,profile,prevalence,oracle_power,oracle_positive_power,power_lower,power_upper,power_method,coverage_mc_low,coverage_mc_high,power_negative_fraction,power_positive_fraction,power_zero_fraction,power_lower_boundary_fraction,power_upper_boundary_fraction,power_q10,power_q50,power_q90,point_outside_unit_interval_fraction,mse_difference_vs_human,mse_difference_vs_human_mcse,mse_difference_vs_positive,mse_difference_vs_positive_mcse
iid_p050_positive_n0020,human_only,iid_same_population,population_binary_outcome_mean_under_iid_assumptions,0.5,0.5,1000,20,200,20,200,20,0.00045000000000000655,0.003567916412631822,0.11277189366149706,0.0023394479333195078,0.4377665894455593,0.0005076549377935235,0.956,0.006485676526007139,0.956,0.006485676526007139,0.11167720246356726,0.11282742365013715,0.0,1.0,0,0,positive,0.5,0.7746639325586694,0.7746639325586694,0.0,1.0,fixed,0.9413795807936691,0.9678505029891286,0.0,0.0,1.0,1.0,0.0,0.0,0.0,0.0,0.0,0.0,0.0,0.008294023816383209,0.00047952488788309327
iid_p050_positive_n0020,ppi,iid_same_population,population_binary_outcome_mean_under_iid_assumptions,0.5,0.5,1000,20,200,20,200,20,0.0010150000000000152,0.0022416221012125674,0.0708581329135901,0.001624841600881512,0.2647189406774173,0.0026536906891576335,0.957,0.006414904519944161,0.957,0.006414904519944161,0.06753158291822872,0.07088631493204203,1.0,0.4038461896854367,0,0,positive,0.5,0.7746639325586694,0.7746639325586694,0.0,1.0,fixed,0.9425137420380276,0.9687088295439074,0.0,1.0,0.0,0.0,1.0,1.0,1.0,1.0,0.0,-0.0076966249999999995,0.0005641760142539156,0.0005973988163832115,0.00015347027500286676
iid_p050_positive_n0020,ppi_tuned,iid_same_population,population_binary_outcome_mean_under_iid_assumptions,0.5,0.5,1000,20,200,20,200,20,0.0013038646410745783,0.0021038541591416175,0.06650921878669745,0.0015051442045693046,0.242365330108605,0.0022234663557281474,0.934,0.007851369307324675,0.934,0.007851369307324675,0.06182902645669812,0.06652971007705867,0.7719237840324008,0.33276991601203565,0,0,positive,0.5,0.7746639325586694,0.7746639325586694,0.0,1.0,auto-per-pool-sample-variance,0.9167939495385973,0.9485914339810815,0.0,1.0,0.0,0.0,0.0,0.6365353286930168,0.7960284295867709,0.9120491314909023,0.0,-0.008294023816383209,0.00047952488788309327,0.0,0.0
iid_p050_positive_n0020,ppi_signed,iid_same_population,population_binary_outcome_mean_under_iid_assumptions,0.5,0.5,1000,20,200,20,200,20,0.0013038646410745783,0.0021038541591416175,0.06650921878669745,0.0015051442045693046,0.242365330108605,0.0022234663557281474,0.934,0.007851369307324675,0.934,0.007851369307324675,0.06182902645669812,0.06652971007705867,0.7719237840324008,0.33276991601203565,0,0,positive,0.5,0.7746639325586694,0.7746639325586694,-1.0,1.0,auto-per-pool-sample-variance,0.9167939495385973,0.9485914339810815,0.0,1.0,0.0,0.0,0.0,0.6365353286930168,0.7960284295867709,0.9120491314909023,0.0,-0.008294023816383209,0.00047952488788309327,0.0,0.0
iid_p050_positive_n0200,human_only,iid_same_population,population_binary_outcome_mean_under_iid_assumptions,0.5,0.5,1000,200,2000,200,2000,200,-0.0014299999999999944,0.00109382427818711,0.03460202306224306,0.0007472403706163902,0.1386043084971569,1.4464526753801286e-05,0.953,0.00669260786241059,0.953,0.00669260786241059,0.035358891691492804,0.034589760790609006,0.0,1.0,0,0,positive,0.5,0.7746639325586694,0.7746639325586694,0.0,1.0,fixed,0.9379873693066948,0.9652649377332041,0.0,0.0,1.0,1.0,0.0,0.0,0.0,0.0,0.0,0.0,0.0,0.0007964573330781446,4.8874607484452295e-05
iid_p050_positive_n0200,ppi,iid_same_population,population_binary_outcome_mean_under_iid_assumptions,0.5,0.5,1000,200,2000,200,2000,200,0.0002364999999999845,0.0006831936557970379,0.021594970479257437,0.0004969719038580517,0.08679297488634816,0.0002583631547321501,0.948,0.007021111023192843,0.948,0.007021111023192843,0.02214147187676918,0.02160448035295738,1.0,0.39558673842933934,0,0,positive,0.5,0.7746639325586694,0.7746639325586694,0.0,1.0,fixed,0.9323649859494927,0.9609234650560194,0.0,1.0,0.0,0.0,1.0,1.0,1.0,1.0,0.0,-0.0007309572500000004,5.477202197519449e-05,6.550008307814425e-05,1.100655493060804e-05
iid_p050_positive_n0200,ppi_tuned,iid_same_population,population_binary_outcome_mean_under_iid_assumptions,0.5,0.5,1000,200,2000,200,2000,200,-8.25615402049567e-05,0.0006334327806496412,0.020021055589600063,0.0004545962518757272,0.08040494328937535,0.00021715981341373302,0.951,0.006826346021115546,0.951,0.006826346021115546,0.020511842034751475,0.020030903314666976,0.775337086430535,0.3389693453472816,0,0,positive,0.5,0.7746639325586694,0.7746639325586694,0.0,1.0,auto-per-pool-sample-variance,0.9357339468598304,0.9635329408279522,0.0,1.0,0.0,0.0,0.0,0.7298995638621176,0.7778201695216262,0.8160694784630343,0.0,-0.0007964573330781446,4.8874607484452295e-05,0.0,0.0
iid_p050_positive_n0200,ppi_signed,iid_same_population,population_binary_outcome_mean_under_iid_assumptions,0.5,0.5,1000,200,2000,200,2000,200,-8.25615402049567e-05,0.0006334327806496412,0.020021055589600063,0.0004545962518757272,0.08040494328937535,0.00021715981341373302,0.951,0.006826346021115546,0.951,0.006826346021115546,0.020511842034751475,0.020030903314666976,0.775337086430535,0.3389693453472816,0,0,positive,0.5,0.7746639325586694,0.7746639325586694,-1.0,1.0,auto-per-pool-sample-variance,0.9357339468598304,0.9635329408279522,0.0,1.0,0.0,0.0,0.0,0.7298995638621176,0.7778201695216262,0.8160694784630343,0.0,-0.0007964573330781446,4.8874607484452295e-05,0.0,0.0
iid_p050_positive_n1000,human_only,iid_same_population,population_binary_outcome_mean_under_iid_assumptions,0.5,0.5,1000,1000,10000,1000,10000,1000,-0.0004279999999999988,0.0005006430459513642,0.015829592540555184,0.00033918758588468096,0.06197941742823322,1.3334723064300619e-06,0.938,0.00762600813007697,0.938,0.00762600813007697,0.015811366412117507,0.015831723199306508,0.0,1.0,0,0,positive,0.5,0.7746639325586694,0.7746639325586694,0.0,1.0,fixed,0.9212200503389675,0.9521381518866388,0.0,0.0,1.0,1.0,0.0,0.0,0.0,0.0,0.0,0.0,0.0,0.00016693675714906465,1.0109305833614787e-05
iid_p050_positive_n1000,ppi,iid_same_population,population_binary_outcome_mean_under_iid_assumptions,0.5,0.5,1000,1000,10000,1000,10000,1000,4.439999999998173e-05,0.000308858255615844,0.009762171889492622,0.0002455708970177539,0.03906853818789978,4.7866099852912734e-05,0.964,0.005891010100144119,0.964,0.005891010100144119,0.009966646962920598,0.009766955618925583,1.0,0.3979351614717418,0,0,positive,0.5,0.7746639325586694,0.7746639325586694,0.0,1.0,fixed,0.9505070882819876,0.9746610850701622,0.0,1.0,0.0,0.0,1.0,1.0,1.0,1.0,0.0,-0.00015527600000000036,1.1439714614344962e-05,1.1660757149064273e-05,2.293209886766904e-06
iid_p050_positive_n1000,ppi_tuned,iid_same_population,population_binary_outcome_mean_under_iid_assumptions,0.5,0.5,1000,1000,10000,1000,10000,1000,-6.959031588966236e-05,0.0002893408338914974,0.009145449297379307,0.00022183672712555234,0.03621465115403356,3.9994412660719096e-05,0.95,0.006892024376045114,0.95,0.006892024376045114,0.009238601178309932,0.009149760551895722,0.7743194843406856,0.34182528324997535,0,0,positive,0.5,0.7746639325586694,0.7746639325586694,0.0,1.0,auto-per-pool-sample-variance,0.9346095120845064,0.9626646023953382,0.0,1.0,0.0,0.0,0.0,0.7563556979232257,0.7747104575576419,0.7918360051789273,0.0,-0.00016693675714906465,1.0109305833614787e-05,0.0,0.0
iid_p050_positive_n1000,ppi_signed,iid_same_population,population_binary_outcome_mean_under_iid_assumptions,0.5,0.5,1000,1000,10000,1000,10000,1000,-6.959031588966236e-05,0.0002893408338914974,0.009145449297379307,0.00022183672712555234,0.03621465115403356,3.9994412660719096e-05,0.95,0.006892024376045114,0.95,0.006892024376045114,0.009238601178309932,0.009149760551895722,0.7743194843406856,0.34182528324997535,0,0,positive,0.5,0.7746639325586694,0.7746639325586694,-1.0,1.0,auto-per-pool-sample-variance,0.9346095120845064,0.9626646023953382,0.0,1.0,0.0,0.0,0.0,0.7563556979232257,0.7747104575576419,0.7918360051789273,0.0,-0.00016693675714906465,1.0109305833614787e-05,0.0,0.0
iid_p050_inverse_n0020,human_only,iid_same_population,population_binary_outcome_mean_under_iid_assumptions,0.5,0.5,1000,20,200,20,200,20,0.0005500000000000051,0.003474085025840152,0.10980664825045887,0.0022973087940197597,0.43839799506947047,0.00048809774598803474,0.965,0.005811626278418119,0.965,0.005811626278418119,0.11183827828661595,0.109860214667398,0.0,1.0,0,0,inverse,0.5,-0.7746639325586694,0.0,0.0,1.0,fixed,0.9516576183857783,0.9755024721052413,0.0,0.0,1.0,1.0,0.0,0.0,0.0,0.0,0.0,0.0,0.0,0.0,0.0
iid_p050_inverse_n0020,ppi,iid_same_population,population_binary_outcome_mean_under_iid_assumptions,0.5,0.5,1000,20,200,20,200,20,0.003080000000000007,0.006757175669096004,0.21359599715350472,0.004456851656119497,0.8519282276413914,0.0012768982911977643,0.942,0.007391616873188169,0.942,0.007391616873188169,0.2173326230383039,0.21368065664215613,1.0,3.7821726443710304,0,0,inverse,0.5,-0.7746639325586694,0.0,0.0,1.0,fixed,0.9256635046176483,0.9556671397471793,0.0,1.0,0.0,0.0,1.0,1.0,1.0,1.0,0.013,0.03356574999999999,0.0014855981084827175,0.03356574999999999,0.0014855981084827175
iid_p050_inverse_n0020,ppi_tuned,iid_same_population,population_binary_outcome_mean_under_iid_assumptions,0.5,0.5,1000,20,200,20,200,20,0.0005500000000000051,0.003474085025840152,0.10980664825045887,0.0022973087940197597,0.43839799506947047,0.00048809774598803474,0.965,0.005811626278418119,0.965,0.005811626278418119,0.11183827828661595,0.109860214667398,0.0,1.0,0,0,inverse,0.5,-0.7746639325586694,0.0,0.0,1.0,auto-per-pool-sample-variance,0.9516576183857783,0.9755024721052413,0.0,0.0,1.0,1.0,0.0,0.0,0.0,0.0,0.0,0.0,0.0,0.0,0.0
iid_p050_inverse_n0020,ppi_signed,iid_same_population,population_binary_outcome_mean_under_iid_assumptions,0.5,0.5,1000,20,200,20,200,20,-0.0012479934840790438,0.0021592984722673685,0.06826027256157244,0.0016296117587484675,0.24644683971050474,0.002172902811619635,0.928,0.00817410545564467,0.928,0.00817410545564467,0.06287024701842633,0.0682830132048681,-0.767560637666922,0.3417144222299772,0,0,inverse,0.5,-0.7746639325586694,0.0,-1.0,1.0,auto-per-pool-sample-variance,0.9101842508246492,0.9432413124454383,1.0,0.0,0.0,0.0,0.0,-0.910747988880814,-0.7958952075381507,-0.6265902645135152,0.0,-0.007398035189819841,0.0004385515118390961,-0.007398035189819841,0.0004385515118390961
iid_p050_inverse_n0200,human_only,iid_same_population,population_binary_outcome_mean_under_iid_assumptions,0.5,0.5,1000,200,2000,200,2000,200,-0.001534999999999995,0.0011028758362164395,0.034892334401699185,0.0007447424221631923,0.13859868157284433,1.4532963920334577e-05,0.946,0.0071473071852271785,0.946,0.0071473071852271785,0.0353574562252401,0.03487599618806767,0.0,1.0,0,0,inverse,0.5,-0.7746639325586694,0.0,0.0,1.0,fixed,0.9301259944229326,0.9591766488743693,0.0,0.0,1.0,1.0,0.0,0.0,0.0,0.0,0.0,0.0,0.0,0.0,0.0
iid_p050_inverse_n0200,ppi,iid_same_population,population_binary_outcome_mean_under_iid_assumptions,0.5,0.5,1000,200,2000,200,2000,200,-0.003372000000000006,0.002156039801029569,0.06822924226458917,0.0015168524746150454,0.2701362399351722,8.683780797239984e-05,0.951,0.006826346021115546,0.951,0.006826346021115546,0.06891357240897598,0.06817996497229684,1.0,3.7991817778459,0,0,inverse,0.5,-0.7746639325586694,0.0,0.0,1.0,fixed,0.9357339468598304,0.9635329408279522,0.0,1.0,0.0,0.0,1.0,1.0,1.0,1.0,0.0,0.0034377544999999996,0.00016224556093973546,0.0034377544999999996,0.00016224556093973546
iid_p050_inverse_n0200,ppi_tuned,iid_same_population,population_binary_outcome_mean_under_iid_assumptions,0.5,0.5,1000,200,2000,200,2000,200,-0.001534999999999995,0.0011028758362164395,0.034892334401699185,0.0007447424221631923,0.13859868157284433,1.4532963920334577e-05,0.946,0.0071473071852271785,0.946,0.0071473071852271785,0.0353574562252401,0.03487599618806767,0.0,1.0,0,0,inverse,0.5,-0.7746639325586694,0.0,0.0,1.0,auto-per-pool-sample-variance,0.9301259944229326,0.9591766488743693,0.0,0.0,1.0,1.0,0.0,0.0,0.0,0.0,0.0,0.0,0.0,0.0,0.0
iid_p050_inverse_n0200,ppi_signed,iid_same_population,population_binary_outcome_mean_under_iid_assumptions,0.5,0.5,1000,200,2000,200,2000,200,-0.00011167460605702928,0.0006621952149115295,0.02093027642833971,0.0004352285877942089,0.08044044453976212,0.0002106367286248102,0.949,0.006956938982052382,0.949,0.006956938982052382,0.020520898642593967,0.020940451347851285,-0.7753048492955454,0.339154445965595,0,0,inverse,0.5,-0.7746639325586694,0.0,-1.0,1.0,auto-per-pool-sample-variance,0.9334865384050651,0.9617947632253139,1.0,0.0,0.0,0.0,0.0,-0.8184840211918022,-0.7757816856272995,-0.7333144914410231,0.0,-0.0007793985286332876,5.009909158124539e-05,-0.0007793985286332876,5.009909158124539e-05
iid_p050_inverse_n1000,human_only,iid_same_population,population_binary_outcome_mean_under_iid_assumptions,0.5,0.5,1000,1000,10000,1000,10000,1000,-0.0007669999999999995,0.0004943552347230668,0.015643880592742975,0.00034056187612263464,0.06198014290718014,1.323359614938475e-06,0.951,0.006826346021115546,0.951,0.006826346021115546,0.015811551486678222,0.015632885149520496,0.0,1.0,0,0,inverse,0.5,-0.7746639325586694,0.0,0.0,1.0,fixed,0.9357339468598304,0.9635329408279522,0.0,0.0,1.0,1.0,0.0,0.0,0.0,0.0,0.0,0.0,0.0,0.0,0.0
iid_p050_inverse_n1000,ppi,iid_same_population,population_binary_outcome_mean_under_iid_assumptions,0.5,0.5,1000,1000,10000,1000,10000,1000,-0.0016494999999999962,0.0009626368419292084,0.030470705111631406,0.0006491473258820016,0.12076112782006411,1.714188929247897e-05,0.952,0.006759881655768837,0.952,0.006759881655768837,0.030806976243597448,0.030441249800877753,1.0,3.7962757440019868,0,0,inverse,0.5,-0.7746639325586694,0.0,0.0,1.0,fixed,0.9368598845984908,0.9643997346571167,0.0,1.0,0.0,0.0,1.0,1.0,1.0,1.0,0.0,0.0006837328699999998,3.055640237977399e-05,0.0006837328699999998,3.055640237977399e-05
iid_p050_inverse_n1000,ppi_tuned,iid_same_population,population_binary_outcome_mean_under_iid_assumptions,0.5,0.5,1000,1000,10000,1000,10000,1000,-0.0007669999999999995,0.0004943552347230668,0.015643880592742975,0.00034056187612263464,0.06198014290718014,1.323359614938475e-06,0.951,0.006826346021115546,0.951,0.006826346021115546,0.015811551486678222,0.015632885149520496,0.0,1.0,0,0,inverse,0.5,-0.7746639325586694,0.0,0.0,1.0,auto-per-pool-sample-variance,0.9357339468598304,0.9635329408279522,0.0,0.0,1.0,1.0,0.0,0.0,0.0,0.0,0.0,0.0,0.0,0.0,0.0
iid_p050_inverse_n1000,ppi_signed,iid_same_population,population_binary_outcome_mean_under_iid_assumptions,0.5,0.5,1000,1000,10000,1000,10000,1000,-7.54323165884087e-05,0.0002993051965757313,0.00946042848558805,0.00020788196761943177,0.036234477364802654,4.225307758706757e-05,0.949,0.006956938982052382,0.949,0.006956938982052382,0.009243658978077043,0.009464861367037404,-0.7740596444305782,0.3422390890316294,0,0,inverse,0.5,-0.7746639325586694,0.0,-1.0,1.0,auto-per-pool-sample-variance,0.9334865384050651,0.9617947632253139,1.0,0.0,0.0,0.0,0.0,-0.7926133674204238,-0.7740960241769633,-0.7544361673583024,0.0,-0.00015523129286907454,9.839901845094929e-06,-0.00015523129286907454,9.839901845094929e-06
iid_p050_uninformative_n0020,human_only,iid_same_population,population_binary_outcome_mean_under_iid_assumptions,0.5,0.5,1000,20,200,20,200,20,0.0007000000000000066,0.003443307474851232,0.10883473710171768,0.0024989628678361462,0.43854832496156504,0.0005275442770474508,0.955,0.00655553201502365,0.955,0.00655553201502365,0.11187662845357829,0.10888694304812845,0.0,1.0,0,0,uninformative,0.5,0.0,0.0,0.0,1.0,fixed,0.9402471673065922,0.9669903745688513,0.0,0.0,1.0,1.0,0.0,0.0,0.0,0.0,0.0,0.0,0.0,-0.0004246409848010433,0.00011658780300986806
iid_p050_uninformative_n0020,ppi,iid_same_population,population_binary_outcome_mean_under_iid_assumptions,0.5,0.5,1000,20,200,20,200,20,0.003549999999999987,0.004921993856510137,0.15560976833091167,0.0035453467610387555,0.6274321998093224,0.002291220948545416,0.948,0.007021111023192843,0.948,0.007021111023192843,0.1600621758252772,0.15564711215928012,1.0,2.0791828149141485,0,0,uninformative,0.5,0.0,0.0,0.0,1.0,fixed,0.9323649859494927,0.9609234650560194,0.0,1.0,0.0,0.0,1.0,1.0,1.0,1.0,0.001,0.012369400000000003,0.0009794078802704907,0.011944759015198958,0.0009288868619621878
iid_p050_uninformative_n0020,ppi_tuned,iid_same_population,population_binary_outcome_mean_under_iid_assumptions,0.5,0.5,1000,20,200,20,200,20,-0.0003072829456236388,0.0035045439632543853,0.11076841149353475,0.0025328676588088224,0.43354237218867187,0.0006222947104485417,0.939,0.007568289106528638,0.939,0.007568289106528638,0.1105995762188486,0.11082341084077296,0.08198812399921436,0.9779621487316431,0,0,uninformative,0.5,0.0,0.0,0.0,1.0,auto-per-pool-sample-variance,0.9223292259508765,0.9530221244589198,0.0,0.461,0.539,0.539,0.0,0.0,0.0,0.27492019490863073,0.0,0.0004246409848010433,0.00011658780300986806,0.0,0.0
iid_p050_uninformative_n0020,ppi_signed,iid_same_population,population_binary_outcome_mean_under_iid_assumptions,0.5,0.5,1000,20,200,20,200,20,-0.0006973673213795478,0.003558448251833124,0.11247389798612907,0.0025526333001048263,0.4279386113828628,0.0006961656077786969,0.918,0.008676174272108645,0.918,0.008676174272108645,0.10917001913259324,0.1125280141163711,-0.005003197109781247,0.9534052199687966,0,0,uninformative,0.5,0.0,0.0,-1.0,1.0,auto-per-pool-sample-variance,0.8992371325846886,0.9342541397281681,0.495,0.461,0.044,0.0,0.0,-0.2751216733665169,0.0,0.27492019490863073,0.0,0.0008053777281941677,0.00016803374166453507,0.0003807367433931246,0.00012233682624202967
iid_p050_uninformative_n0200,human_only,iid_same_population,population_binary_outcome_mean_under_iid_assumptions,0.5,0.5,1000,200,2000,200,2000,200,0.00048500000000000696,0.0011438085823568004,0.036155566653006566,0.0007657413630046507,0.1385735735452104,1.550535269836809e-05,0.949,0.006956938982052382,0.949,0.006956938982052382,0.03535105099845228,0.03617040327495774,0.0,1.0,0,0,uninformative,0.5,0.0,0.0,0.0,1.0,fixed,0.9334865384050651,0.9617947632253139,0.0,0.0,1.0,1.0,0.0,0.0,0.0,0.0,0.0,0.0,0.0,-1.226414275199211e-05,4.753461402061593e-06
iid_p050_uninformative_n0200,ppi,iid_same_population,population_binary_outcome_mean_under_iid_assumptions,0.5,0.5,1000,200,2000,200,2000,200,0.0012880000000000038,0.001633667936554711,0.05165134073768076,0.0011217970525437858,0.19883637966934412,0.0002122476368577445,0.951,0.006826346021115546,0.951,0.006826346021115546,0.05072449831673951,0.05166111619900336,1.0,2.0612677456012007,0,0,uninformative,0.5,0.0,0.0,0.0,1.0,fixed,0.9357339468598304,0.9635329408279522,0.0,1.0,0.0,0.0,1.0,1.0,1.0,1.0,0.0,0.001360636,9.863798927229652e-05,0.0013483718572480077,9.624185065614191e-05
iid_p050_uninformative_n0200,ppi_tuned,iid_same_population,population_binary_outcome_mean_under_iid_assumptions,0.5,0.5,1000,200,2000,200,2000,200,0.0005154346758894859,0.0011491492565636303,0.03632477312732996,0.0007736041204872566,0.13842711604560465,1.8750024298449088e-05,0.947,0.007084560677981384,0.947,0.007084560677981384,0.03531368870486908,0.03633929022230269,0.02497311498626915,0.9978930776060078,0,0,uninformative,0.5,0.0,0.0,0.0,1.0,auto-per-pool-sample-variance,0.9312448167100368,0.9600507476399807,0.0,0.494,0.506,0.506,0.0,0.0,0.0,0.08209608606371639,0.0,1.226414275199211e-05,4.753461402061593e-06,0.0,0.0
iid_p050_uninformative_n0200,ppi_signed,iid_same_population,population_binary_outcome_mean_under_iid_assumptions,0.5,0.5,1000,200,2000,200,2000,200,0.0005156977747271918,0.0011501687906142564,0.036356997990084614,0.0007759134831607409,0.13826662014103436,2.080188875400441e-05,0.947,0.007084560677981384,0.947,0.007084560677981384,0.03527274511972255,0.03637153071982345,-0.0019420602920484367,0.9955839741106146,0,0,uninformative,0.5,0.0,0.0,-1.0,1.0,auto-per-pool-sample-variance,0.9312448167100368,0.9600507476399807,0.506,0.494,0.0,0.0,0.0,-0.08357877200669278,-0.0011618792250844216,0.08209608606371639,0.0,1.4606302851016089e-05,5.848775896507073e-06,2.34216009902398e-06,3.416180742430928e-06
iid_p050_uninformative_n1000,human_only,iid_same_population,population_binary_outcome_mean_under_iid_assumptions,0.5,0.5,1000,1000,10000,1000,10000,1000,0.0005780000000000016,0.0005085159825457847,0.01608303453953887,0.00033167697532753113,0.06197841401818073,1.3249078217185888e-06,0.949,0.006956938982052382,0.949,0.006956938982052382,0.015811110435461708,0.016080687314431085,0.0,1.0,0,0,uninformative,0.5,0.0,0.0,0.0,1.0,fixed,0.9334865384050651,0.9617947632253139,0.0,0.0,1.0,1.0,0.0,0.0,0.0,0.0,0.0,0.0,0.0,-3.914117931010984e-07,4.1993377146184e-07
iid_p050_uninformative_n1000,ppi,iid_same_population,population_binary_outcome_mean_under_iid_assumptions,0.5,0.5,1000,1000,10000,1000,10000,1000,0.0013115000000000158,0.0007030346046998011,0.022259457091312905,0.0004773579069859949,0.08886458352563255,4.292916229582683e-05,0.953,0.00669260786241059,0.953,0.00669260786241059,0.022669953179391314,0.022231906247674887,1.0,2.056258544905756,0,0,uninformative,0.5,0.0,0.0,0.0,1.0,fixed,0.9379873693066948,0.9652649377332041,0.0,1.0,0.0,0.0,1.0,1.0,1.0,1.0,0.0,0.00023681943,1.9857092064379123e-05,0.0002364280182068989,1.966234733551894e-05
iid_p050_uninformative_n1000,ppi_tuned,iid_same_population,population_binary_outcome_mean_under_iid_assumptions,0.5,0.5,1000,1000,10000,1000,10000,1000,0.0005933483440683079,0.0005088833971034429,0.016095198408006703,0.0003308530558528888,0.0619637986123043,1.707957635142308e-06,0.949,0.006956938982052382,0.949,0.006956938982052382,0.015807381947083417,0.016092305982908117,0.011804817883948718,0.9995286834218057,0,0,uninformative,0.5,0.0,0.0,0.0,1.0,auto-per-pool-sample-variance,0.9334865384050651,0.9617947632253139,0.0,0.493,0.507,0.507,0.0,0.0,0.0,0.03804852532763907,0.0,3.914117931010984e-07,4.1993377146184e-07,0.0,0.0
iid_p050_uninformative_n1000,ppi_signed,iid_same_population,population_binary_outcome_mean_under_iid_assumptions,0.5,0.5,1000,1000,10000,1000,10000,1000,0.0005887431258162787,0.0005097637961511603,0.016122837442794337,0.00033216488128318095,0.061950276206995745,1.8693981249507731e-06,0.95,0.006892024376045114,0.95,0.006892024376045114,0.015803932290504218,0.01612014664531442,0.00013799144624068892,0.9990926036639548,0,0,uninformative,0.5,0.0,0.0,-1.0,1.0,auto-per-pool-sample-variance,0.9346095120845064,0.9626646023953382,0.507,0.493,0.0,0.0,0.0,-0.036766422386901546,-0.00039132039467420555,0.03804852532763907,0.0,1.2818872067707254e-06,5.626278480890122e-07,8.904754136696269e-07,3.7537115761709926e-07
iid_p095_positive_n0020,human_only,iid_same_population,population_binary_outcome_mean_under_iid_assumptions,0.95,0.95,1000,20,200,20,200,20,0.0008000000000000309,0.0015154724202890188,0.047906158268013935,0.0012765880552016759,0.14853033362213486,0.003732149742683914,0.637,0.015206281596761254,0.637,0.015206281596761254,0.037891087487760794,0.04792344579281269,0.0,1.0,361,361,positive,0.95,0.43725167692109873,0.43725167692109873,0.0,1.0,fixed,0.6063274795249268,0.6668631600619819,0.0,0.0,1.0,1.0,0.0,0.0,0.0,0.0,0.0,0.0,0.0,0.0004774097054202819,0.00011436632011615176
iid_p095_positive_n0020,ppi,iid_same_population,population_binary_outcome_mean_under_iid_assumptions,0.95,0.95,1000,20,200,20,200,20,-0.0005249999999999204,0.0018257142732661122,0.05770766846789083,0.0014338611135375576,0.1923571189526289,0.0029712961266537287,0.763,0.013447341744746431,0.763,0.013447341744746431,0.049071595312443816,0.057734154601999745,1.0,0.9518283209712061,361,0,positive,0.95,0.43725167692109873,0.43725167692109873,0.0,1.0,fixed,0.7353914569945759,0.7890504783468735,0.0,1.0,0.0,0.0,1.0,1.0,1.0,1.0,0.179,0.001035175000000001,0.00020284022345340097,0.001512584705420283,0.00015848561210124703
iid_p095_positive_n0020,ppi_tuned,iid_same_population,population_binary_outcome_mean_under_iid_assumptions,0.95,0.95,1000,20,200,20,200,20,0.005135643776957206,0.0013390326605583452,0.04263320647781161,0.0007265688949750946,0.09178922854615683,0.0026165703573868587,0.504,0.01581088232832058,0.504,0.01581088232832058,0.023416049802490894,0.04234393068719484,0.3795069217291015,0.450761108844124,361,361,positive,0.95,0.43725167692109873,0.43725167692109873,0.0,1.0,auto-per-pool-sample-variance,0.4725383563385118,0.5354380319861439,0.0,0.6,0.4,0.4,0.0,0.0,0.3192491304134514,0.889909665540929,0.0,-0.0004774097054202819,0.00011436632011615176,0.0,0.0
iid_p095_positive_n0020,ppi_signed,iid_same_population,population_binary_outcome_mean_under_iid_assumptions,0.95,0.95,1000,20,200,20,200,20,0.00513758829682171,0.001339115233784898,0.04263603163115755,0.0007264394243183755,0.09177688940475894,0.0026160800501256083,0.504,0.01581088232832058,0.504,0.01581088232832058,0.023412902004496843,0.042346541881891395,0.37827432369371605,0.4505644206729609,361,361,positive,0.95,0.43725167692109873,0.43725167692109873,-1.0,1.0,auto-per-pool-sample-variance,0.4725383563385118,0.5354380319861439,0.025,0.6,0.375,0.0,0.0,0.0,0.3192491304134514,0.889909665540929,0.0,-0.00047716880674693286,0.00011436740268464687,2.408986733490057e-07,1.3181406501828346e-07
iid_p095_positive_n0200,human_only,iid_same_population,population_binary_outcome_mean_under_iid_assumptions,0.95,0.95,1000,200,2000,200,2000,200,-0.000259999999999976,0.0004934327470647598,0.01559807680452944,0.0003387394721661018,0.05986605328145275,0.000288349111378321,0.924,0.008379976133617564,0.924,0.008379976133617564,0.015272232998582764,0.015603713528384045,0.0,1.0,0,0,positive,0.95,0.43725167692109873,0.43725167692109873,0.0,1.0,fixed,0.9057956763550978,0.9396563388200981,0.0,0.0,1.0,1.0,0.0,0.0,0.0,0.0,0.0,0.0,0.0,8.901353040666393e-05,8.503785905130885e-06
iid_p095_positive_n0200,ppi,iid_same_population,population_binary_outcome_mean_under_iid_assumptions,0.95,0.95,1000,200,2000,200,2000,200,-0.00032949999999992653,0.0005319672630142939,0.016817096955182246,0.0003962571609711492,0.0665901131484044,0.00026962199525520073,0.945,0.007209368904418752,0.945,0.007209368904418752,0.016987585913225627,0.01682228191771018,1.0,1.3590872479731142,0,0,positive,0.95,0.43725167692109873,0.43725167692109873,0.0,1.0,fixed,0.9290084844579425,0.958301204920464,0.0,1.0,0.0,0.0,1.0,1.0,1.0,1.0,0.003,3.9514750000000596e-05,1.6663639100989473e-05,0.00012852828040666454,1.1619280607111001e-05
iid_p095_positive_n0200,ppi_tuned,iid_same_population,population_binary_outcome_mean_under_iid_assumptions,0.95,0.95,1000,200,2000,200,2000,200,-2.4161408816362085e-05,0.0003929889644071513,0.012421210472145434,0.00027317753778160884,0.04660372193414216,0.00018706728889192177,0.919,0.008627803892068941,0.919,0.008627803892068941,0.011888923036786991,0.012427402228374409,0.43866505897325714,0.6223027612406132,0,0,positive,0.95,0.43725167692109873,0.43725167692109873,0.0,1.0,auto-per-pool-sample-variance,0.9003283010315127,0.935156460291505,0.0,1.0,0.0,0.0,0.0,0.2955110659943981,0.4402407140410409,0.583498216903607,0.0,-8.901353040666393e-05,8.503785905130885e-06,0.0,0.0
iid_p095_positive_n0200,ppi_signed,iid_same_population,population_binary_outcome_mean_under_iid_assumptions,0.95,0.95,1000,200,2000,200,2000,200,-2.4161408816362085e-05,0.0003929889644071513,0.012421210472145434,0.00027317753778160884,0.04660372193414216,0.00018706728889192177,0.919,0.008627803892068941,0.919,0.008627803892068941,0.011888923036786991,0.012427402228374409,0.43866505897325714,0.6223027612406132,0,0,positive,0.95,0.43725167692109873,0.43725167692109873,-1.0,1.0,auto-per-pool-sample-variance,0.9003283010315127,0.935156460291505,0.0,1.0,0.0,0.0,0.0,0.2955110659943981,0.4402407140410409,0.583498216903607,0.0,-8.901353040666393e-05,8.503785905130885e-06,0.0,0.0
iid_p095_positive_n1000,human_only,iid_same_population,population_binary_outcome_mean_under_iid_assumptions,0.95,0.95,1000,1000,10000,1000,10000,1000,0.00016500000000000303,0.00021584337692726028,0.006824148298505829,0.0001440700791023458,0.02691641592832667,5.583059934701411e-05,0.936,0.007739767438366605,0.936,0.007739767438366605,0.00686655880940669,0.006825566889523782,0.0,1.0,0,0,positive,0.95,0.43725167692109873,0.43725167692109873,0.0,1.0,fixed,0.919004925632949,0.950366910708151,0.0,0.0,1.0,1.0,0.0,0.0,0.0,0.0,0.0,0.0,0.0,1.532976478857761e-05,1.5863007929744065e-06
iid_p095_positive_n1000,ppi,iid_same_population,population_binary_outcome_mean_under_iid_assumptions,0.95,0.95,1000,1000,10000,1000,10000,1000,0.0003043000000000817,0.00025270689005700325,0.007993091391945928,0.00016943046071853346,0.03008828664376904,5.476831126843623e-05,0.947,0.007084560677981384,0.947,0.007084560677981384,0.007675724370728647,0.007991293529978882,1.0,1.2696553802558346,0,0,positive,0.95,0.43725167692109873,0.43725167692109873,0.0,1.0,fixed,0.9312448167100368,0.9600507476399807,0.0,1.0,0.0,0.0,1.0,1.0,1.0,1.0,0.0,1.7320510000000107e-05,3.3722389224059562e-06,3.2650274788577716e-05,2.335538481063741e-06
iid_p095_positive_n1000,ppi_tuned,iid_same_population,population_binary_outcome_mean_under_iid_assumptions,0.95,0.95,1000,1000,10000,1000,10000,1000,0.00024632515502935224,0.0001766628679103803,0.005589207028856812,0.00011843807688173812,0.021278224555676347,3.66788140210617e-05,0.935,0.0077958322198467015,0.935,0.0077958322198467015,0.005428218253885343,0.005586570405742728,0.4361917904296425,0.6279414487245435,0,0,positive,0.95,0.43725167692109873,0.43725167692109873,0.0,1.0,auto-per-pool-sample-variance,0.917898930078629,0.949479690310382,0.0,1.0,0.0,0.0,0.0,0.37404328342235144,0.4357805045436518,0.49706190425600266,0.0,-1.532976478857761e-05,1.5863007929744065e-06,0.0,0.0
iid_p095_positive_n1000,ppi_signed,iid_same_population,population_binary_outcome_mean_under_iid_assumptions,0.95,0.95,1000,1000,10000,1000,10000,1000,0.00024632515502935224,0.0001766628679103803,0.005589207028856812,0.00011843807688173812,0.021278224555676347,3.66788140210617e-05,0.935,0.0077958322198467015,0.935,0.0077958322198467015,0.005428218253885343,0.005586570405742728,0.4361917904296425,0.6279414487245435,0,0,positive,0.95,0.43725167692109873,0.43725167692109873,-1.0,1.0,auto-per-pool-sample-variance,0.917898930078629,0.949479690310382,0.0,1.0,0.0,0.0,0.0,0.37404328342235144,0.4357805045436518,0.49706190425600266,0.0,-1.532976478857761e-05,1.5863007929744065e-06,0.0,0.0
iid_p095_inverse_n0020,human_only,iid_same_population,population_binary_outcome_mean_under_iid_assumptions,0.95,0.95,1000,20,200,20,200,20,0.00025000000000003107,0.0015507554102250755,0.04901530373260987,0.0012596967593097666,0.14910795676731656,0.003751072207295967,0.639,0.01518812035770062,0.639,0.01518812035770062,0.038038443038612216,0.04903919190140007,0.0,1.0,360,360,inverse,0.95,-0.4372516769210986,0.0,0.0,1.0,fixed,0.608357065647017,0.6688217375124186,0.0,0.0,1.0,1.0,0.0,0.0,0.0,0.0,0.0,0.0,0.0,9.82632328655668e-08,4.4209511011695573e-07
iid_p095_inverse_n0020,ppi,iid_same_population,population_binary_outcome_mean_under_iid_assumptions,0.95,0.95,1000,20,200,20,200,20,0.0008400000000000386,0.003300263040446343,0.10431466819196618,0.0026278120794150346,0.3734458767007235,0.005367187133982113,0.828,0.011933817494833748,0.828,0.011933817494833748,0.09526855586286709,0.10436348085482841,1.0,4.333981916710814,360,0,inverse,0.95,-0.4372516769210986,0.0,0.0,1.0,fixed,0.8031539260552609,0.8508970358520214,0.0,1.0,0.0,0.0,1.0,1.0,1.0,1.0,0.343,0.00847905,0.00045819879253549,0.008479148263232867,0.0004581931749337916
iid_p095_inverse_n0020,ppi_tuned,iid_same_population,population_binary_outcome_mean_under_iid_assumptions,0.95,0.95,1000,20,200,20,200,20,0.00025931320965141526,0.0015507221648828954,0.04901430134937285,0.0012597134838828363,0.14909872163710203,0.0037509137571525024,0.639,0.01518812035770062,0.639,0.01518812035770062,0.038036087094756255,0.04903814059137126,0.0009705412920020635,0.9998626621789442,360,360,inverse,0.95,-0.4372516769210986,0.0,0.0,1.0,auto-per-pool-sample-variance,0.608357065647017,0.6688217375124186,0.0,0.018,0.982,0.982,0.0,0.0,0.0,0.0,0.0,-9.82632328655668e-08,4.4209511011695573e-07,0.0,0.0
iid_p095_inverse_n0020,ppi_signed,iid_same_population,population_binary_outcome_mean_under_iid_assumptions,0.95,0.95,1000,20,200,20,200,20,0.006990788889608755,0.0012667722663317665,0.04064453705077288,0.0006391323560457893,0.09289708293983805,0.0026349789913425762,0.524,0.01579316307773715,0.524,0.01579316307773715,0.023698670912475524,0.04005885638341813,-0.3723274638994826,0.45818630590482146,360,360,inverse,0.95,-0.4372516769210986,0.0,-1.0,1.0,auto-per-pool-sample-variance,0.4925139676102947,0.5553443590710253,0.601,0.018,0.381,0.0,0.0,-0.8911378800770231,-0.38555669243672164,0.0,0.0,-0.0007505216079283503,0.00011572012455915078,-0.0007504233446954847,0.00011571991792933658
iid_p095_inverse_n0200,human_only,iid_same_population,population_binary_outcome_mean_under_iid_assumptions,0.95,0.95,1000,200,2000,200,2000,200,-0.00011499999999997457,0.0005151476993563607,0.01628265948793376,0.00036274713506635726,0.05968506588928419,0.0003050090609726034,0.91,0.009049861877399012,0.91,0.009049861877399012,0.015226061897073715,0.016290400613617563,0.0,1.0,0,0,inverse,0.95,-0.4372516769210986,0.0,0.0,1.0,fixed,0.8905334268616608,0.9270095335433771,0.0,0.0,1.0,1.0,0.0,0.0,0.0,0.0,0.0,0.0,0.0,0.0,0.0
iid_p095_inverse_n0200,ppi,iid_same_population,population_binary_outcome_mean_under_iid_assumptions,0.95,0.95,1000,200,2000,200,2000,200,-0.00034299999999996177,0.0010911915734874657,0.03449095533614575,0.000793410359298268,0.12937767705479997,0.0005150087981716268,0.932,0.00796090447122687,0.932,0.00796090447122687,0.03300511592950548,0.03450650735803395,1.0,4.813135668018354,0,0,inverse,0.95,-0.4372516769210986,0.0,0.0,1.0,fixed,0.914586949808569,0.946811900239598,0.0,1.0,0.0,0.0,1.0,1.0,1.0,1.0,0.063,0.0009245010000000016,4.650807662051765e-05,0.0009245010000000016,4.650807662051765e-05
iid_p095_inverse_n0200,ppi_tuned,iid_same_population,population_binary_outcome_mean_under_iid_assumptions,0.95,0.95,1000,200,2000,200,2000,200,-0.00011499999999997457,0.0005151476993563607,0.01628265948793376,0.00036274713506635726,0.05968506588928419,0.0003050090609726034,0.91,0.009049861877399012,0.91,0.009049861877399012,0.015226061897073715,0.016290400613617563,0.0,1.0,0,0,inverse,0.95,-0.4372516769210986,0.0,0.0,1.0,auto-per-pool-sample-variance,0.8905334268616608,0.9270095335433771,0.0,0.0,1.0,1.0,0.0,0.0,0.0,0.0,0.0,0.0,0.0,0.0,0.0
iid_p095_inverse_n0200,ppi_signed,iid_same_population,population_binary_outcome_mean_under_iid_assumptions,0.95,0.95,1000,200,2000,200,2000,200,0.00032130198820500244,0.0004035790854353831,0.012759954431356088,0.0003049345466592901,0.04650960079059237,0.00019659748796601304,0.917,0.008724161850859943,0.917,0.008724161850859943,0.011864912099776873,0.012762291259834977,-0.4351668603890555,0.6246615650067877,0,0,inverse,0.95,-0.4372516769210986,0.0,-1.0,1.0,auto-per-pool-sample-variance,0.8981467032446243,0.9333510681911211,1.0,0.0,0.0,0.0,0.0,-0.5750961864214155,-0.44054541437435896,-0.2835387017459826,0.0,-0.00010230856290971545,9.361509276337926e-06,-0.00010230856290971545,9.361509276337926e-06
iid_p095_inverse_n1000,human_only,iid_same_population,population_binary_outcome_mean_under_iid_assumptions,0.95,0.95,1000,1000,10000,1000,10000,1000,-0.0002689999999999956,0.00022005695640916245,0.0069605315888946265,0.00014610579261788628,0.027025864826405083,5.649950664413818e-05,0.947,0.007084560677981384,0.947,0.007084560677981384,0.006894479959729281,0.006958811972173412,0.0,1.0,0,0,inverse,0.95,-0.4372516769210986,0.0,0.0,1.0,fixed,0.9312448167100368,0.9600507476399807,0.0,0.0,1.0,1.0,0.0,0.0,0.0,0.0,0.0,0.0,0.0,0.0,0.0
iid_p095_inverse_n1000,ppi,iid_same_population,population_binary_outcome_mean_under_iid_assumptions,0.95,0.95,1000,1000,10000,1000,10000,1000,-0.00014239999999997034,0.0004665173530327473,0.014745883493368592,0.00031608065070232774,0.058221247888074645,9.615207955118874e-05,0.955,0.00655553201502365,0.955,0.00655553201502365,0.014852632075720884,0.01475257403576342,1.0,4.654224309677303,0,0,inverse,0.95,-0.4372516769210986,0.0,0.0,1.0,fixed,0.9402471673065922,0.9669903745688513,0.0,1.0,0.0,0.0,1.0,1.0,1.0,1.0,0.0,0.00016899208000000038,8.026846218103532e-06,0.00016899208000000038,8.026846218103532e-06
iid_p095_inverse_n1000,ppi_tuned,iid_same_population,population_binary_outcome_mean_under_iid_assumptions,0.95,0.95,1000,1000,10000,1000,10000,1000,-0.0002689999999999956,0.00022005695640916245,0.0069605315888946265,0.00014610579261788628,0.027025864826405083,5.649950664413818e-05,0.947,0.007084560677981384,0.947,0.007084560677981384,0.006894479959729281,0.006958811972173412,0.0,1.0,0,0,inverse,0.95,-0.4372516769210986,0.0,0.0,1.0,auto-per-pool-sample-variance,0.9312448167100368,0.9600507476399807,0.0,0.0,1.0,1.0,0.0,0.0,0.0,0.0,0.0,0.0,0.0,0.0,0.0
iid_p095_inverse_n1000,ppi_signed,iid_same_population,population_binary_outcome_mean_under_iid_assumptions,0.95,0.95,1000,1000,10000,1000,10000,1000,-0.0002782770822360622,0.0001734563751903612,0.005489486780618293,0.0001228299382763393,0.021335105410882703,3.656350486104977e-05,0.946,0.0071473071852271785,0.946,0.0071473071852271785,0.005442728942769174,0.0054851722027826405,-0.4388717442838129,0.6263096796000305,0,0,inverse,0.95,-0.4372516769210986,0.0,-1.0,1.0,auto-per-pool-sample-variance,0.9301259944229326,0.9591766488743693,1.0,0.0,0.0,0.0,0.0,-0.5021808471219673,-0.4392987702220843,-0.3788355998863236,0.0,-1.8314534885416952e-05,1.5466132759960723e-06,-1.8314534885416952e-05,1.5466132759960723e-06
iid_p095_uninformative_n0020,human_only,iid_same_population,population_binary_outcome_mean_under_iid_assumptions,0.95,0.95,1000,20,200,20,200,20,0.004100000000000032,0.0014664038803618668,0.046529560496527365,0.0010643327874036328,0.14040962398519485,0.0037387967113113383,0.608,0.015438134602341048,0.608,0.015438134602341048,0.035819439819488534,0.04637176231652556,0.0,1.0,391,391,uninformative,0.95,0.0,0.0,0.0,1.0,fixed,0.5769599775296484,0.6384021909745193,0.0,0.0,1.0,1.0,0.0,0.0,0.0,0.0,0.0,0.0,0.0,-8.948538204542081e-05,3.3925115886062036e-05
iid_p095_uninformative_n0020,ppi,iid_same_population,population_binary_outcome_mean_under_iid_assumptions,0.95,0.95,1000,20,200,20,200,20,0.007435000000000041,0.0038835071008564417,0.1229708298744056,0.0025678591803393234,0.4846083881573804,0.0017244064940188657,0.946,0.0071473071852271785,0.946,0.0071473071852271785,0.12362686048823077,0.12280727748143594,1.0,5.2232247338241065,391,0,uninformative,0.95,0.0,0.0,0.0,1.0,fixed,0.9301259944229326,0.9591766488743693,0.0,1.0,0.0,0.0,1.0,1.0,1.0,1.0,0.362,0.012956825000000002,0.0006244117824949283,0.01286733961795458,0.0006148659779046299
iid_p095_uninformative_n0020,ppi_tuned,iid_same_population,population_binary_outcome_mean_under_iid_assumptions,0.95,0.95,1000,20,200,20,200,20,0.003938425820544695,0.0014970689361218435,0.047481421440869066,0.0011136948550479965,0.13854341286928923,0.003695196103266748,0.606,0.015451990163082553,0.606,0.015451990163082553,0.03534335680708982,0.047341476524301485,0.030129855459074636,0.9733548662676935,391,391,uninformative,0.95,0.0,0.0,0.0,1.0,auto-per-pool-sample-variance,0.5749388017289369,0.6364351902727694,0.0,0.27,0.73,0.73,0.0,0.0,0.0,0.11439214085753864,0.0,8.948538204542081e-05,3.3925115886062036e-05,0.0,0.0
iid_p095_uninformative_n0020,ppi_signed,iid_same_population,population_binary_outcome_mean_under_iid_assumptions,0.95,0.95,1000,20,200,20,200,20,0.003804428542210304,0.001514143242324545,0.04800844514303284,0.00114291837476252,0.136955832846273,0.003648476499594613,0.606,0.015451990163082553,0.606,0.015451990163082553,0.03493835446124599,0.04788141349497826,-0.0012722001146070355,0.9519267342698435,391,391,uninformative,0.95,0.0,0.0,-1.0,1.0,auto-per-pool-sample-variance,0.5749388017289369,0.6364351902727694,0.329,0.27,0.401,0.0,0.0,-0.1015961596744467,0.0,0.11439214085753864,0.0,0.00013981080505159297,4.434484425645472e-05,5.032542300617217e-05,2.8715283725749596e-05
iid_p095_uninformative_n0200,human_only,iid_same_population,population_binary_outcome_mean_under_iid_assumptions,0.95,0.95,1000,200,2000,200,2000,200,-0.0005599999999999777,0.0004734031162872821,0.014973309587395815,0.0003392036987524955,0.06009739807136032,0.00027876474796239236,0.935,0.0077958322198467015,0.935,0.0077958322198467015,0.015331250611082889,0.014970320988893655,0.0,1.0,0,0,uninformative,0.95,0.0,0.0,0.0,1.0,fixed,0.917898930078629,0.949479690310382,0.0,0.0,1.0,1.0,0.0,0.0,0.0,0.0,0.0,0.0,0.0,-1.713111094555244e-06,6.926107826829146e-07
iid_p095_uninformative_n0200,ppi,iid_same_population,population_binary_outcome_mean_under_iid_assumptions,0.95,0.95,1000,200,2000,200,2000,200,-0.0028409999999999508,0.0012408297132875958,0.03932162255044926,0.0008588705708048292,0.15477465509390514,0.0001727003537048305,0.952,0.006759881655768837,0.952,0.006759881655768837,0.039484055909891166,0.03923848082402499,1.0,7.0858263481283466,0,0,uninformative,0.95,0.0,0.0,0.0,1.0,fixed,0.9368598845984908,0.9643997346571167,0.0,1.0,0.0,0.0,1.0,1.0,1.0,1.0,0.091,0.0013219900000000005,6.689805862203623e-05,0.0013202768889054453,6.666465149680897e-05
iid_p095_uninformative_n0200,ppi_tuned,iid_same_population,population_binary_outcome_mean_under_iid_assumptions,0.95,0.95,1000,200,2000,200,2000,200,-0.0005796384373250404,0.00047518726130846555,0.01503040621854761,0.00033888392107094163,0.06002932195520499,0.0002785560955435506,0.935,0.0077958322198467015,0.935,0.0077958322198467015,0.015313883935804079,0.015026740608323546,0.01113283638056959,0.9977327453307184,0,0,uninformative,0.95,0.0,0.0,0.0,1.0,auto-per-pool-sample-variance,0.917898930078629,0.949479690310382,0.0,0.482,0.518,0.518,0.0,0.0,0.0,0.036812955635113345,0.0,1.713111094555244e-06,6.926107826829146e-07,0.0,0.0
iid_p095_uninformative_n0200,ppi_signed,iid_same_population,population_binary_outcome_mean_under_iid_assumptions,0.95,0.95,1000,200,2000,200,2000,200,-0.0005196378826242742,0.00047657914648162656,0.015072178963486093,0.000342189682470663,0.05995506903044318,0.00027794976061870516,0.934,0.007851369307324675,0.934,0.007851369307324675,0.015294941515089335,0.015070755882209613,-0.0011885383113363634,0.9953120199331822,0,0,uninformative,0.95,0.0,0.0,-1.0,1.0,auto-per-pool-sample-variance,0.9167939495385973,0.9485914339810815,0.517,0.482,0.001,0.0,0.0,-0.03851666340038838,-0.001442844285546836,0.036812955635113345,0.0,2.9705787073533427e-06,1.1018957192063112e-06,1.2574676127980982e-06,8.595214690917988e-07
iid_p095_uninformative_n1000,human_only,iid_same_population,population_binary_outcome_mean_under_iid_assumptions,0.95,0.95,1000,1000,10000,1000,10000,1000,-0.00024599999999999546,0.00022165878420810794,0.0070102781685179895,0.0001579863878672187,0.027019253650287765,5.674894862002463e-05,0.942,0.007391616873188169,0.942,0.007391616873188169,0.006892793404218704,0.007009466214813832,0.0,1.0,0,0,uninformative,0.95,0.0,0.0,0.0,1.0,fixed,0.9256635046176483,0.9556671397471793,0.0,0.0,1.0,1.0,0.0,0.0,0.0,0.0,0.0,0.0,0.0,1.013356454384818e-07,6.529436019475803e-08
iid_p095_uninformative_n1000,ppi,iid_same_population,population_binary_outcome_mean_under_iid_assumptions,0.95,0.95,1000,1000,10000,1000,10000,1000,-0.00024349999999996052,0.000569661032054538,0.01800690062170611,0.0003977914560365351,0.0692107818579953,3.473655718644065e-05,0.95,0.006892024376045114,0.95,0.006892024376045114,0.01765613613411295,0.018014263555345286,1.0,6.634068800106892,0,0,uninformative,0.95,0.0,0.0,0.0,1.0,fixed,0.9346095120845064,0.9626646023953382,0.0,1.0,0.0,0.0,1.0,1.0,1.0,1.0,0.0,0.00027510447,1.425050372187055e-05,0.00027520580564543843,1.423604689272589e-05
iid_p095_uninformative_n1000,ppi_tuned,iid_same_population,population_binary_outcome_mean_under_iid_assumptions,0.95,0.95,1000,1000,10000,1000,10000,1000,-0.00025401244936756683,0.00022142079667304758,0.007003046790830506,0.00015764279618639293,0.027013387146022125,5.6733236290140896e-05,0.945,0.007209368904418752,0.945,0.007209368904418752,0.006891296819507983,0.007001940388158634,0.00497762888419857,0.9995664798589708,0,0,uninformative,0.95,0.0,0.0,0.0,1.0,auto-per-pool-sample-variance,0.9290084844579425,0.958301204920464,0.0,0.493,0.507,0.507,0.0,0.0,0.0,0.016470534467375394,0.0,-1.013356454384818e-07,6.529436019475803e-08,0.0,0.0
iid_p095_uninformative_n1000,ppi_signed,iid_same_population,population_binary_outcome_mean_under_iid_assumptions,0.95,0.95,1000,1000,10000,1000,10000,1000,-0.0002571448131104833,0.0002213002474934957,0.006999353484147761,0.00015758825170681255,0.027007079006358296,5.673158035754553e-05,0.946,0.0071473071852271785,0.946,0.0071473071852271785,0.006889687570635655,0.006998128288384148,-0.00024183756963573348,0.9990982580351208,0,0,uninformative,0.95,0.0,0.0,-1.0,1.0,auto-per-pool-sample-variance,0.9301259944229326,0.9591766488743693,0.507,0.493,0.0,0.0,0.0,-0.017023676209010165,-0.00016704552351879765,0.016470534467375394,0.0,-1.5305080394854046e-07,8.744063858743153e-08,-5.171515851005867e-08,5.824949332773429e-08
